날짜,시가,고가,저가,현재가,거래량
20100128,19696,22650,19696,22650,6890261
20100129,24128,25359,20927,21666,6628735
20100201,20779,22158,18859,21124,2324048
20100202,21863,24275,21863,24275,1442552
20100203,26294,26442,23340,23487,2639218
20100204,23931,25506,23537,25408,1660238
20100205,24128,24768,23586,24374,991509
20100208,24620,24768,21813,22404,1070495
20100209,22158,22897,20681,20878,777709
20100210,21469,21863,20779,21272,512988
20100211,22060,22995,21419,22060,743354
20100212,21961,22207,21321,21518,294517
20100216,21813,22109,21518,21764,305495
20100217,22109,22798,21715,22503,521627
20100218,22749,25408,22601,24128,2027217
20100219,23734,24374,22552,23586,738764
20100222,24177,24522,22897,23340,594244
20100223,23438,23734,22946,22995,372460
20100224,22847,22946,22158,22158,309191
20100225,22552,22847,22109,22355,256715
20100226,22355,22552,21863,22207,149509
20100302,22306,22749,22060,22749,202251
20100303,22847,22847,22404,22503,195252
20100304,22453,22552,21961,22060,224381
20100305,22207,22256,21666,21961,266087
20100308,22158,23487,21961,23487,650516
20100309,23537,24522,22847,23389,3137909
20100310,23832,24374,23241,24128,1271275
20100311,24275,26294,24177,25605,1929481
20100312,25408,26590,25408,26343,795702
20100315,26590,26590,25309,26097,604790
20100316,26294,26294,25211,25309,300620
20100317,25556,27377,25506,26590,661061
20100318,26590,26984,25605,25900,381526
20100319,25900,26343,25605,26146,203832
20100322,26196,26196,23635,25309,620031
20100323,25359,25556,24620,25014,583822
20100324,25359,26688,24965,26688,890489
20100325,26196,26442,25605,26048,522980
20100326,25999,25999,25408,25900,335696
20100329,25556,25802,24817,25063,313857
20100330,25063,25802,25063,25605,450473
20100331,25605,25900,24768,25605,350537
20100401,25211,25556,25014,25063,215946
20100402,24965,25162,23734,23881,553805
20100405,23783,24522,22946,23192,406792
20100406,23340,24226,23094,23635,253663
20100407,23586,23931,23291,23931,113450
20100408,23881,23881,23291,23635,136881
20100409,23487,23980,22946,23832,336078
20100412,23931,24325,23832,24078,258181
20100413,24128,24128,23438,23438,134821
20100414,23734,24325,23389,24128,242979
20100415,24275,24571,23881,24571,264573
20100416,24620,24817,24275,24522,239663
20100419,24226,24325,23832,23980,200325
20100420,24128,24571,23931,24522,399452
20100421,24866,25309,24472,25063,362841
20100422,25014,26491,24768,25900,570583
20100423,25802,26491,25556,26294,430518
20100426,26097,26393,25802,26294,220300
20100427,26393,27377,25999,26787,422401
20100428,26294,26590,25753,25949,327636
20100429,26097,27525,25408,26294,434325
20100430,26639,26885,25999,26540,167099
20100503,26393,26540,25851,26540,166612
20100504,26787,26787,25359,25605,430430
20100506,24768,25949,24571,25457,618524
20100507,24915,26787,24571,26787,280887
20100510,26885,27525,26491,27525,411036
20100511,27968,28559,27821,27821,400215
20100512,27870,29347,27624,29101,453045
20100513,29544,31267,29298,30086,539827
20100514,30086,32104,29593,31514,295117
20100517,30873,31908,30086,31908,393494
20100518,32794,32843,30135,30726,239226
20100519,30086,31021,29101,31021,237315
20100520,31218,35404,31218,32006,582078
20100524,32498,33828,31563,31711,543554
20100525,31218,32301,29741,32301,372752
20100526,32351,34123,32203,33976,361717
20100527,34271,34862,32991,33532,228732
20100528,34074,35108,32745,32745,282209
20100531,32991,33089,31809,32695,301338
20100601,32794,33335,32203,33237,114273
20100603,33877,35453,33385,34566,361416
20100604,35207,35453,33926,35354,160614
20100607,34566,35847,34370,35453,151179
20100608,35453,35748,34468,34566,147691
20100609,34566,34862,33483,34566,175660
20100610,34566,35207,34025,35157,130459
20100611,35551,35748,34616,34911,142407
20100614,34862,35207,34419,34960,71789
20100615,34960,36733,34960,35502,329337
20100616,35256,36093,34960,35010,218109
20100617,35157,36487,35010,36438,285665
20100618,36832,40131,36635,39244,788577
20100621,40426,41017,38604,39195,567642
20100622,39392,39392,37176,37324,575050
20100623,37127,38358,36684,37275,299589
20100624,37225,37767,36979,37570,141624
20100625,37028,37964,37028,37472,159291
20100628,37619,37915,37225,37225,103093
20100629,37619,38161,36339,36438,194420
20100630,35157,37373,34616,37176,233038
20100701,36684,37373,35945,36290,117161
20100702,35994,36585,34517,34862,150174
20100705,34517,36388,33976,35551,158192
20100706,35256,36339,34862,35945,111810
20100707,35945,36044,35059,35207,71261
20100708,35945,35945,34616,35207,155183
20100709,35354,35404,33779,34271,321345
20100712,34616,34616,33286,33483,328982
20100713,33483,33631,32548,32892,460563
20100714,33188,33631,32548,32597,449975
20100715,32646,33139,31317,31317,741129
20100716,31612,33434,31070,33385,791880
20100719,33089,33385,32203,32301,397924
20100720,32400,33237,32252,32548,205758
20100721,32548,32892,31317,31415,401948
20100722,31070,32154,29544,31711,800784
20100723,32154,32991,31711,32548,429506
20100726,33040,33286,32548,33089,333402
20100727,33483,33631,33040,33582,380246
20100728,33729,35354,33680,35108,670283
20100729,35256,35305,34074,34419,260130
20100730,34074,34419,33188,34123,287962
20100802,33729,34419,33237,34419,232823
20100803,34813,34813,33779,33779,152446
20100804,33631,33631,32351,32695,253766
20100805,32794,33877,31760,32498,361388
20100806,32942,32942,31563,31809,214971
20100809,31711,32104,31563,31711,100594
20100810,31760,32400,31760,32104,111138
20100811,31169,31563,30726,30873,2074527
20100812,30430,32055,30430,31120,374825
20100813,30972,31760,30430,31514,203458
20100816,31711,33532,31661,33434,374417
20100817,33385,33877,32942,33631,237182
20100818,33680,34370,33680,34173,319536
20100819,34271,34517,33680,33828,149633
20100820,33877,34222,33040,33434,179233
20100823,33483,33582,32301,32745,216489
20100824,32745,35354,32646,35354,458929
20100825,35551,36191,34616,35354,621444
20100826,35601,35699,34763,35305,245911
20100827,35305,36339,34911,35945,368137
20100830,36438,36438,34616,34862,432412
20100831,34665,35256,33779,34468,266611
20100901,34862,36388,34468,36388,464414
20100902,36142,36733,35453,36438,436604
20100903,36388,37422,35994,36635,507391
20100906,37127,37275,36044,36290,288980
20100907,36487,36536,34960,35748,273301
20100908,35797,36585,35256,36536,262087
20100909,36930,37472,36684,37324,352068
20100910,37619,37669,36979,37373,262616
20100913,37767,38013,37472,37767,275373
20100914,37718,37767,36536,37225,297402
20100915,36930,36979,35945,36142,276339
20100916,36142,36832,36044,36241,163206
20100917,35748,36290,35059,35945,215830
20100920,35797,36782,35256,36684,128678
20100924,36635,36881,36339,36684,102721
20100927,37127,37176,36339,36930,194466
20100928,36684,38604,36684,38407,545455
20100929,38604,38604,37324,37422,290061
20100930,37669,37915,36832,37570,214897
20101001,37422,38259,36930,37324,206810
20101004,37324,38063,36241,36241,202373
20101005,35994,36635,35453,35748,181308
20101006,36044,36635,35847,36536,157989
20101007,36487,36585,35059,35650,278272
20101008,35551,35945,35157,35207,177029
20101011,35453,36536,35404,36142,201620
20101012,36536,38210,36290,37964,593068
20101013,37964,39294,37472,37472,598125
20101014,38063,38801,37472,38801,320520
20101015,38604,39097,38161,38210,198890
20101018,38112,38998,37915,38259,169569
20101019,38259,39441,38013,38013,238617
20101020,37225,38210,37225,37915,212322
20101021,38407,39195,37816,37866,213911
20101022,38013,38358,36930,37028,231171
20101025,37422,38161,37275,37619,207709
20101026,37915,37915,36536,37127,283501
20101027,36733,37028,35945,36733,339630
20101028,36339,36339,35699,36142,368848
20101029,36093,36782,35502,36635,197863
20101101,36733,37225,35945,37225,223989
20101102,37225,37964,36635,37866,211423
20101103,38703,40328,38210,40328,693720
20101104,40328,41263,39835,40672,444824
20101105,42002,42149,39589,40081,379558
20101108,39983,41362,39490,41165,221280
20101109,41362,41362,39638,39786,205724
20101110,39786,40328,39097,39392,224275
20101111,39195,39589,38604,39294,198504
20101112,39294,39638,36635,38850,199699
20101115,38063,39047,37176,38358,141371
20101116,38703,38703,37176,37964,112140
20101117,36979,38653,36733,38653,119226
20101118,38949,39195,38161,38900,173631
20101119,38998,38998,38013,38161,233370
20101122,38456,38703,37570,37767,228982
20101123,37767,37915,36093,36438,726446
20101124,35207,37127,35059,36684,295618
20101125,37422,37866,37078,37866,126002
20101126,37816,37816,36585,36733,89926
20101129,36339,37275,36142,37028,62069
20101130,36832,37472,36684,37275,60792
20101201,37028,37669,37028,37078,107703
20101202,37915,37915,37422,37866,137552
20101203,37866,37964,37127,37373,91565
20101206,37422,37718,36290,36585,172482
20101207,36881,36881,35601,36339,286197
20101208,36684,36733,35699,36093,196489
20101209,36044,36979,36044,36930,241236
20101210,36635,36930,36438,36881,156054
20101213,36832,37225,36585,37028,148509
20101214,37275,38259,37028,38259,218604
20101215,38407,38604,37767,38407,116951
20101216,38358,38653,37915,38161,138760
20101217,38161,38506,37816,38013,100896
20101220,37225,37275,36388,36782,187820
20101221,36979,37422,36290,36487,236150
20101222,36733,36881,35945,36044,161625
20101223,36044,36339,35601,35748,114704
20101224,35748,35945,35059,35059,138454
20101227,35059,36585,34960,36585,155840
20101228,36536,36635,35354,35945,115448
20101229,35896,35945,35551,35699,52640
20101230,35551,36241,35551,35601,109844
20110103,35650,35847,35108,35305,113423
20110104,35601,35847,35305,35354,475345
20110105,35453,35601,34517,35108,372961
20110106,34862,35502,34862,35453,206797
20110107,35945,36044,35256,35502,219340
20110110,35847,35896,35157,35748,139420
20110111,35748,35797,35207,35453,119229
20110112,35305,37422,35256,37422,802018
20110113,37472,37866,36832,36881,335432
20110114,36733,36782,35404,35453,431952
20110117,35601,35994,34960,34960,242635
20110118,35207,35207,33976,34025,341629
20110119,33631,34419,33631,34320,289367
20110120,34320,34320,33877,34222,153186
20110121,33976,34960,33976,34370,232038
20110124,34074,34173,33483,34025,302038
20110125,34320,34320,33582,33680,414786
20110126,33926,34862,33779,34714,217269
20110127,35010,35354,34566,34714,278495
20110128,34813,34960,34025,34665,146433
20110131,33729,34370,33729,33828,162830
20110201,34320,34320,33089,33188,253741
20110207,32745,32991,32203,32351,380787
20110208,32006,32400,31612,32104,292623
20110209,31809,31957,31317,31563,353299
20110210,31464,32400,31317,32154,238588
20110211,32055,32794,32055,32498,296318
20110214,32252,33040,31711,32548,239657
20110215,33335,34271,33188,34173,459653
20110216,34222,34813,33729,34320,516648
20110217,34468,34665,33582,34123,220512
20110218,33779,34763,33532,34665,223617
20110221,34173,34960,33779,34419,165608
20110222,34616,34616,33040,33976,169163
20110223,33483,33976,32695,33335,116089
20110224,32794,32991,31809,31809,226163
20110225,31809,32351,30036,30578,485871
20110228,30578,31070,28608,29002,514700
20110302,28461,29101,27722,28953,444340
20110303,30430,32892,29741,31120,555943
20110304,31563,31809,30578,31021,145061
20110307,31218,32942,31021,32892,297252
20110308,33877,33976,32892,32942,327145
20110309,33139,34271,33089,34173,367453
20110310,34468,34566,33828,34468,313830
20110311,33926,34960,33385,34813,284317
20110314,33040,34616,33040,33779,196301
20110315,33582,35207,32498,33729,279002
20110316,34271,35994,33976,35847,358179
20110317,35404,36684,35059,36290,338312
20110318,36832,36930,35994,36930,274281
20110321,36832,37127,36438,36832,225245
20110322,36635,37078,36635,36979,110434
20110323,36782,36979,36290,36290,94404
20110324,36142,36438,35847,35994,157012
20110325,36438,37521,36438,36438,241656
20110328,35847,37373,35847,37127,155464
20110329,37127,38112,36930,37127,268523
20110330,37472,37718,37028,37225,164105
20110331,37373,37718,36585,37669,199054
20110401,37915,38555,37669,37915,226196
20110404,37422,38161,37422,37866,111949
20110405,37915,38456,37225,38358,206552
20110406,38456,38752,37915,37915,286095
20110407,38013,38013,36635,36881,283808
20110408,36585,37324,35601,36881,267672
20110411,36241,36881,35305,35305,304572
20110412,35453,35650,33779,33779,327930
20110413,34025,35157,33976,34813,189827
20110414,35354,36979,35157,36979,283872
20110415,36979,38358,36438,38013,426258
20110418,38604,38653,37718,37964,364973
20110419,37422,38407,37422,37866,183008
20110420,37373,37422,35601,36241,2766945
20110421,37619,37619,36684,36733,474416
20110422,37619,37866,36979,37816,561071
20110425,37816,38407,36979,37816,424653
20110426,37816,40377,37816,40131,914896
20110427,40131,40180,37422,38900,513360
20110428,39146,40475,38703,38703,488905
20110429,38998,39638,38161,38555,229944
20110502,38703,39983,38358,39047,271954
20110503,39047,39392,38161,39195,170464
20110504,39687,40131,38900,38900,194533
20110506,38801,39195,37619,39097,146801
20110509,39097,39343,38358,38407,135990
20110511,38407,38850,37275,37718,211996
20110512,37028,37127,36142,36733,505638
20110513,37078,37127,36044,36782,210975
20110516,36438,36684,35896,36339,281558
20110517,36142,38259,36142,38259,305852
20110518,38259,39097,37619,37619,211715
20110519,37718,38112,37472,37669,224984
20110520,37767,37866,36536,37028,159732
20110523,37176,37176,36142,36142,135572
20110524,35453,37422,35207,36585,263893
20110525,36339,37275,35945,36438,88036
20110526,36241,37718,36191,36930,133795
20110527,36832,38210,36832,38013,130950
20110530,38063,38161,36832,37078,168013
20110531,37570,38998,37275,38850,243697
20110601,39540,39638,38210,39097,440225
20110602,38210,38900,37915,38900,150243
20110603,38900,38949,37324,37422,177556
20110607,37472,38998,37472,38998,332268
20110608,39343,39392,38161,38998,262719
20110609,38801,39983,38506,38653,524106
20110610,39195,40032,38604,38604,276505
20110613,37619,38456,36635,37324,289489
20110614,37373,37718,36585,36832,243244
20110615,37422,38653,37275,38604,295943
20110616,37866,38900,37718,38604,257712
20110617,38998,39490,38407,39490,255961
20110620,39983,43430,39884,42642,559396
20110621,42839,43036,41066,42199,319797
20110622,42543,42987,41411,42248,220803
20110623,42248,42642,41411,41460,188933
20110624,41952,42346,41460,42051,130438
20110627,41066,42051,40180,40574,190555
20110628,40869,42149,40721,41805,325274
20110629,42346,42642,40968,41362,217273
20110630,41263,42987,40525,42691,270943
20110701,42790,43036,41952,42149,145340
20110704,41362,41903,40377,41165,324146
20110705,41854,42642,41460,41460,330318
20110706,41066,41657,40771,41608,144482
20110707,41657,42445,40869,42346,234239
20110708,42543,43971,42051,43971,295226
20110711,43331,44513,43233,43676,313535
20110712,42937,45202,42937,44907,350682
20110713,45350,45350,44365,44513,195310
20110714,44956,46138,44562,45695,247428
20110715,45793,47714,45695,47073,316706
20110718,48206,48994,46581,46729,389136
20110719,46236,47615,45301,46778,387422
20110720,47270,48009,46433,46581,288018
20110721,46876,47911,46483,46926,193927
20110722,47172,47812,45498,45695,376180
20110725,45744,46581,44907,46483,186671
20110726,46581,46729,45596,46138,177240
20110727,46187,48009,45596,47172,238950
20110728,46532,48895,46483,48501,246927
20110729,48846,49338,46729,46975,229456
20110801,46975,47369,46039,46187,229415
20110802,46581,47270,46089,47172,171624
20110803,46778,47960,45252,47763,202344
20110804,47369,48255,46680,47714,192108
20110805,44808,48994,44808,47172,373009
20110808,46778,47172,42346,46286,309040
20110809,45744,45793,41312,45744,389846
20110810,46729,48551,45695,48206,380753
20110811,46778,50323,46532,48206,754116
20110812,48748,48748,44316,44316,1416998
20110816,44316,45498,40623,41312,1701091
20110817,40968,45399,39687,44119,1728887
20110818,44661,45547,41903,42346,1044015
20110819,40377,41608,37422,39392,1016949
20110822,38506,40278,37767,39589,417773
20110823,40131,40180,38801,39540,353318
20110824,40131,40771,38506,39786,457338
20110825,40278,40475,37619,37619,498460
20110826,36930,37718,35601,35994,653917
20110829,36536,37915,36241,37373,546437
20110830,31809,31809,31809,31809,193734
20110831,29593,33040,29593,30972,5674681
20110901,31415,32794,30873,32154,2161783
20110902,32351,35256,32104,34123,2425883
20110905,33582,34517,32646,33286,796942
20110906,32498,33976,31415,31514,914753
20110907,32498,34616,32400,34370,598524
20110908,34960,35157,33089,33729,476857
20110909,33385,35256,33188,34468,563412
20110914,34862,35404,32646,33877,568954
20110915,34468,35256,32252,32498,763899
20110916,33400,34050,32700,33650,266209
20110919,34300,37200,34100,36300,795163
20110920,36450,38000,35600,38000,563180
20110921,38100,38100,36800,36800,489860
20110922,36100,37500,35500,36150,388418
20110923,34600,36700,34500,36300,359991
20110926,37150,37200,34000,36000,494035
20110927,36900,36900,35800,36350,298889
20110928,36900,36900,34650,34650,300900
20110929,34650,34750,32450,33600,495068
20110930,34050,34450,31500,32100,866825
20111004,30500,33400,29650,33400,483464
20111005,33700,33750,32000,32600,373959
20111006,33200,33700,32450,33400,286729
20111007,34300,34300,31150,33150,445002
20111010,33300,33450,32300,32850,353937
20111011,33600,33750,32900,33200,320505
20111012,33100,33100,32050,32200,334829
20111013,32550,32600,31700,31700,440088
20111014,31700,33550,31350,33450,468430
20111017,34300,37700,34000,36800,789902
20111018,36250,39000,35350,37700,504518
20111019,38150,38700,37000,37750,298599
20111020,37650,37950,35500,36150,241460
20111021,36300,36750,34500,35150,212412
20111024,35850,36900,35850,36400,147777
20111025,36650,37900,35200,35500,208372
20111026,34900,37700,34900,37400,254053
20111027,38400,39300,36900,38000,352061
20111028,38600,38600,36650,37300,329529
20111031,37700,37850,35700,35700,263668
20111101,35250,36850,35100,36550,147235
20111102,35850,37900,35400,37450,235200
20111103,37650,38000,36600,37600,164234
20111104,38350,38400,37200,37600,183350
20111107,37850,38000,36400,36600,149740
20111108,37600,40400,37400,39550,730212
20111109,40600,41850,39550,40700,480595
20111110,40100,41100,39000,39900,372790
20111111,41000,41000,39500,40000,232932
20111114,40150,40650,39400,39600,209219
20111115,39900,40300,38250,38850,292562
20111116,38350,39450,37500,37500,309780
20111117,37500,38950,37100,38600,274050
20111118,37500,38950,37250,38750,222333
20111121,38750,39350,37800,37900,168525
20111122,37100,38550,37100,38250,139846
20111123,38300,38350,37250,37700,129935
20111124,37300,38100,36900,37100,127306
20111125,36800,36950,35250,36250,174163
20111128,36400,36850,35800,35900,166421
20111129,36500,36800,35850,36400,201136
20111130,36000,36650,36000,36200,107633
20111201,38000,38100,37000,37200,276760
20111202,37200,38600,37150,38200,149902
20111205,38800,39800,38750,39600,235938
20111206,39900,39900,38200,38300,197942
20111207,38400,39900,38400,39750,202703
20111208,39450,39600,38600,39100,141245
20111209,38350,39250,37800,37800,149685
20111212,38450,38850,38100,38600,96059
20111213,38550,39600,37700,39250,150567
20111214,39850,40350,38550,39400,157537
20111215,39350,39350,38450,38700,94395
20111216,38800,39200,38100,38900,128290
20111219,38600,38600,36100,37100,151107
20111220,37150,37700,36650,37050,80251
20111221,37900,38850,37550,38500,117922
20111222,38500,38500,37850,38300,58821
20111223,38600,39500,38300,39300,103744
20111226,39600,39650,38500,38800,45955
20111227,39200,39350,38150,39000,67631
20111228,38400,39050,37700,38100,82989
20111229,38000,39250,37300,38350,76234
20120102,38050,38150,37200,37500,116151
20120103,37750,38400,37550,37850,177004
20120104,38050,38150,36950,37100,165642
20120105,37100,37300,36150,36350,212869
20120106,36100,36700,35700,36450,185126
20120109,36100,36350,35650,36000,105801
20120110,35800,37050,35800,36900,137309
20120111,37150,37200,36450,36900,142257
20120112,36800,36800,35750,35850,282163
20120113,36000,36150,34100,34600,668839
20120116,34800,35000,33650,34200,319581
20120117,34600,35400,34550,35300,341535
20120118,35400,35450,34250,34400,283170
20120119,34550,35050,33300,33450,426348
20120120,33450,34050,32350,32400,859646
20120125,32750,33150,32500,32700,449714
20120126,32750,33950,32750,33900,372631
20120127,34150,34150,33500,33950,240477
20120130,33650,33850,32800,32900,252434
20120131,32900,33650,32800,32850,197963
20120201,33000,34200,32900,34100,393908
20120202,34400,34450,33650,34300,459639
20120203,34350,34400,33300,33350,330802
20120206,32700,32700,30000,30700,1293567
20120207,30700,31300,30150,31200,451581
20120208,31300,31350,30050,30250,701036
20120209,30500,30800,30100,30400,407920
20120210,30700,32300,30550,30650,1251289
20120213,30950,31250,30550,30700,456521
20120214,30800,31000,30200,30300,646400
20120215,30550,31100,30150,31100,835718
20120216,30950,31700,30950,31550,545228
20120217,32000,32050,31050,31400,425732
20120220,31900,32100,31100,31400,287212
20120221,31750,32800,31600,32800,806113
20120222,32950,33200,32300,32750,472379
20120223,32700,32750,31450,31450,455298
20120224,31700,32050,31200,31450,230621
20120227,31650,31700,30500,30550,344339
20120228,30600,30650,30200,30450,337002
20120229,30750,31050,30450,30500,420292
20120302,30900,31950,30750,31900,569037
20120305,32250,32250,31350,31400,528030
20120306,31500,32000,30600,30950,385136
20120307,30250,30750,30250,30450,449964
20120308,30500,30900,30200,30250,898781
20120309,30450,30600,30250,30500,467054
20120312,30650,30650,29750,29800,618084
20120313,29900,30550,29700,29850,670247
20120314,30100,30450,29650,30400,545716
20120315,30650,32900,30600,32900,2450574
20120316,32950,33050,32000,32000,974028
20120319,32400,32850,31600,32550,911183
20120320,32600,33100,32050,32600,995849
20120321,32250,33800,32150,33200,1450189
20120322,33350,33800,32900,33200,659695
20120323,33000,33400,32300,33250,501497
20120326,33550,33550,32550,32800,326561
20120327,33100,33800,32900,33700,532094
20120328,33650,34150,33300,33800,471954
20120329,33600,33950,32950,33800,363818
20120330,33850,33850,33300,33500,352986
20120402,33550,33800,32800,33100,432142
20120403,33100,33100,30850,31250,966754
20120404,31350,31450,30400,31050,611281
20120405,31000,32250,30800,32150,508766
20120406,31850,32000,30300,30600,635102
20120409,30300,30450,28200,28650,929675
20120410,28750,29200,28450,28700,489064
20120412,28600,29300,28500,29200,301572
20120413,29500,30100,29300,29700,358510
20120416,29700,30350,29350,29900,271438
20120417,29900,30300,29050,29550,341421
20120418,30100,30100,29350,29700,172596
20120419,29600,30000,29400,29650,124356
20120420,29400,29600,28900,29250,193374
20120423,28850,29600,28650,28750,165876
20120424,28300,29300,28200,29150,232042
20120425,29150,29400,28200,28450,335517
20120426,28500,28700,28050,28100,206797
20120427,28300,30000,28250,29850,470082
20120430,30200,30900,29900,30850,398188
20120502,31100,31250,30350,30900,297313
20120503,30700,30900,30050,30600,287886
20120504,30500,31300,30500,31300,297753
20120507,30500,31850,30500,31600,405616
20120508,31700,32800,31300,32650,605316
20120509,32800,33150,32500,33000,503908
20120510,32950,33150,32550,32900,289666
20120511,32750,32750,31800,32000,264662
20120514,32050,32750,31500,32550,185882
20120515,32000,32250,31400,31400,238328
20120516,31100,31750,30200,30300,251237
20120517,30150,31150,30000,31000,186110
20120518,30200,30600,29900,29950,221516
20120521,30400,30450,29000,30000,164391
20120522,30300,30550,30000,30300,246854
20120523,30150,31050,29950,30750,184128
20120524,31200,32000,30800,31950,328183
20120525,32300,32500,31750,32400,312915
20120529,32100,32400,31550,31700,206401
20120530,31700,31700,30500,30900,271441
20120531,30050,31900,30050,31300,240337
20120601,31100,32000,31100,31900,215692
20120604,30750,31850,30750,31250,256217
20120605,31800,31850,31150,31500,175760
20120607,32100,32150,31250,31250,298229
20120608,32150,33100,31950,32300,691703
20120611,32850,33250,32500,32650,283080
20120612,32500,32900,32100,32900,191142
20120613,33100,33100,32350,32350,209825
20120614,32450,33850,32450,33800,745805
20120615,33750,34350,33250,33250,509410
20120618,33950,33950,33450,33800,406790
20120619,33950,34200,33600,33950,338362
20120620,33850,33950,33150,33600,309285
20120621,33500,34150,33200,34100,281088
20120622,33350,34050,33300,33700,256002
20120625,33750,35200,33350,35150,570039
20120626,35000,35350,33500,34550,573753
20120627,34550,35300,33300,33300,580602
20120628,33500,33600,32150,33500,401790
20120629,33100,33900,32650,33650,209217
20120702,33850,33850,33200,33400,151807
20120703,33500,33850,32300,32550,309169
20120704,32600,33700,32600,33650,357029
20120705,33800,34200,33250,34000,257526
20120706,34300,34600,33800,34350,410372
20120709,34200,34450,33750,34000,167461
20120710,34000,34150,33550,34100,123817
20120711,34300,34350,33750,34150,170524
20120712,34250,34250,33150,33150,128396
20120713,33250,33650,32350,33200,181435
20120716,33400,34000,32400,33250,197339
20120717,33350,34450,33250,34300,271606
20120718,34400,34400,33700,33900,153912
20120719,34500,35000,34150,34700,289471
20120720,34900,34900,34300,34550,106639
20120723,34250,34250,33100,33250,114715
20120724,33450,34200,32500,32700,220375
20120725,32350,32350,28650,29150,731348
20120726,29300,29700,26550,27200,2844785
20120727,27700,28250,27300,27900,1247305
20120730,28350,28450,26900,27050,1356032
20120731,27450,28050,27050,27250,1279999
20120801,27150,27700,27100,27600,594815
20120802,27600,27600,26450,26550,1216540
20120803,26100,26300,25100,25750,1553318
20120806,26100,26300,25600,25650,838450
20120807,25800,26250,25750,26100,562103
20120808,26150,26350,25900,26200,607941
20120809,26200,26800,26200,26750,700572
20120810,26750,26800,26250,26250,583178
20120813,26400,26450,25800,26000,438949
20120814,26000,26350,25800,26050,504027
20120816,25900,26000,25200,25250,1125231
20120817,25250,25800,25100,25700,758840
20120820,25800,26200,25700,25750,584582
20120821,25750,26000,25350,25750,703898
20120822,25900,26600,25800,26500,1333141
20120823,26700,26900,26100,26100,1080042
20120824,26200,26500,25700,26450,565182
20120827,26600,26900,26400,26450,655548
20120828,26550,27850,26550,27700,1736545
20120829,27900,28200,27500,27650,1068522
20120830,27650,27700,26950,27150,686653
20120831,27250,27450,26700,26700,734217
20120903,26700,26850,26100,26550,591663
20120904,26600,27250,26600,26750,496737
20120905,26050,26100,24000,24000,2951627
20120906,23900,24800,23250,24750,1319674
20120907,25100,25100,24150,24350,763108
20120910,24300,24700,24200,24250,342435
20120911,24200,24250,23350,23450,936569
20120912,23500,23650,23350,23400,568337
20120913,23450,23450,22500,22750,1198680
20120914,23200,23600,23050,23350,927512
20120917,23500,24450,23200,24350,884725
20120918,24350,24950,23950,24700,998470
20120919,25050,25150,24450,24550,660804
20120920,24600,24850,24150,24150,506052
20120921,24250,25550,24250,25500,1281754
20120924,25850,26000,25250,25400,834386
20120925,25400,25600,24950,25200,435638
20120926,25200,25200,23800,24150,742022
20120927,23750,24100,23100,23900,616894
20120928,24050,24250,23600,23850,378416
20121002,23750,24250,23750,23900,347778
20121004,24000,24200,23550,23600,326483
20121005,23600,24350,23550,24300,369780
20121008,24350,24750,23800,23800,370531
20121009,24050,25450,24050,25450,1185105
20121010,25600,25750,24350,24850,1065520
20121011,24950,25400,24850,25200,483227
20121012,25200,25500,24600,24850,476583
20121015,24650,25600,24400,24700,551760
20121016,24900,25000,24350,24650,284150
20121017,24850,25050,24500,24500,315955
20121018,24550,25050,24400,24800,418496
20121019,24850,25150,24600,24700,299862
20121022,24250,24400,23350,23600,660021
20121023,23950,24150,23650,23700,308014
20121024,23500,24100,23500,23900,255839
20121025,23900,24100,22700,23000,423572
20121026,22900,23200,21900,22100,575085
20121029,21700,21950,20000,20300,1128801
20121030,20400,21200,20400,20750,511583
20121031,20750,20950,20550,20750,361625
20121101,20600,21350,20600,21250,367136
20121102,21550,21650,21200,21300,274231
20121105,21050,22150,20850,22100,345447
20121106,22050,22850,21850,22850,360334
20121107,22850,23200,22600,22850,335318
20121108,22300,22850,22300,22800,205119
20121109,23000,23100,22100,22900,195505
20121112,23000,23400,22800,23150,272180
20121113,23150,23350,22700,22700,173212
20121114,22450,22700,21900,22200,336059
20121115,21500,22900,21500,22600,266170
20121116,22700,22850,22100,22600,256611
20121119,22950,23900,22900,23700,390363
20121120,24200,24600,23950,24050,467144
20121121,24300,24300,23050,23050,345099
20121122,23350,24100,23250,24100,310770
20121123,24300,24400,23900,24050,240880
20121126,24400,24450,23900,23950,290471
20121127,23950,24300,23650,23900,333132
20121128,23600,23800,23150,23350,236670
20121129,23500,23800,23500,23600,153775
20121130,23600,24400,23350,24400,301713
20121203,24650,24950,24500,24500,379445
20121204,24500,24850,24500,24600,207342
20121205,24700,25150,24500,24900,417632
20121206,25100,25350,24800,24800,486454
20121207,25000,25300,24800,24950,297866
20121210,25400,25400,25000,25300,292451
20121211,25200,25350,25100,25300,287452
20121212,25300,25400,24600,24800,380820
20121213,25000,25300,24850,25200,364131
20121214,25050,25050,24650,24800,336732
20121217,24800,24800,23850,23900,534480
20121218,23950,24550,23600,23650,404456
20121220,23650,23650,22950,23050,493898
20121221,23150,23450,23100,23350,241327
20121224,22900,23000,22250,22350,430605
20121226,22150,22900,22150,22500,225351
20121227,22550,22800,22500,22500,165613
20121228,22500,23300,22500,23150,188090
20130102,23350,23800,23000,23700,277857
20130103,23850,23900,22800,22950,372052
20130104,23200,23700,23200,23700,365954
20130107,23900,24300,23450,24250,388392
20130108,24300,24500,24050,24100,265217
20130109,24150,24950,24150,24850,676780
20130110,25000,26200,24900,26200,1441715
20130111,26450,26650,25900,26500,958931
20130114,26500,26750,26000,26600,600186
20130115,26500,26500,25350,25550,760324
20130116,25550,25600,24700,25000,641986
20130117,25000,25150,24100,24350,638572
20130118,24600,25000,24400,24550,363735
20130121,24850,25900,24600,25850,677858
20130122,26000,26250,25550,26150,545699
20130123,26250,26250,25300,25300,425062
20130124,25300,26500,25100,26300,810659
20130125,26800,27050,26200,26600,785127
20130128,26900,27000,26450,26500,510235
20130129,26750,26850,25850,26350,478793
20130130,26300,27000,25800,27000,590462
20130131,27000,27150,26550,27000,402649
20130201,27200,27350,26700,26750,560358
20130204,26900,27150,26150,26550,517318
20130205,26650,27200,26450,27000,547873
20130206,27250,27600,26850,27400,806545
20130207,27500,28500,27400,28200,1413735
20130208,27700,27950,26600,26600,1507427
20130212,26800,27050,26250,26700,350018
20130213,26800,27350,26800,26800,292425
20130214,26800,27300,26800,27200,210228
20130215,27200,27400,26750,26850,334127
20130218,27100,27950,26800,27950,501049
20130219,28100,28250,27500,27700,466621
20130220,27700,27850,27100,27450,694213
20130221,27400,27900,27200,27200,367947
20130222,27200,27450,26900,27100,276411
20130225,27300,27400,26400,26400,611420
20130226,26100,27100,26100,27100,365182
20130227,27350,27400,26750,27100,328458
20130228,27450,27800,27300,27650,432515
20130304,27700,28100,27450,27900,398604
20130305,27950,28150,27700,27850,322522
20130306,28100,28300,27900,28150,350094
20130307,28300,28300,27900,28000,287795
20130308,28300,28900,28200,28700,598629
20130311,28950,28950,27800,28700,380369
20130312,28700,29150,28650,28800,327063
20130313,28900,28900,28150,28150,415092
20130314,28200,29550,28150,29400,776517
20130315,29450,29450,28750,28900,310736
20130318,28800,29100,28050,28100,253923
20130319,28300,28450,27400,27500,487613
20130320,27550,27650,26500,27600,615859
20130321,27850,28350,27700,27900,270073
20130322,27600,28250,27100,27300,228460
20130325,27550,27850,27250,27500,176614
20130326,27500,27800,27400,27550,140007
20130327,27750,28500,27500,28450,360936
20130328,28400,28650,28200,28550,215956
20130329,28600,28800,27250,27600,601143
20130401,27600,27900,27150,27500,201296
20130402,27500,27800,27000,27050,495061
20130403,27200,27900,27100,27700,383913
20130404,27550,27600,26800,27200,355643
20130405,27450,27500,26600,26750,283149
20130408,26750,26850,25800,25800,380088
20130409,25800,26750,25800,26450,329877
20130410,26250,26400,25850,26050,341155
20130411,26200,27200,26050,27100,253870
20130412,27200,27500,26700,27100,195676
20130415,27400,28000,27000,27950,311136
20130416,27900,27900,27500,27700,323218
20130417,27950,28850,27700,28800,486198
20130418,28800,28800,27900,27950,395351
20130419,27800,28350,27750,28200,281849
20130422,28450,28500,28250,28350,174625
20130423,28100,28250,27650,28050,178422
20130424,28100,29000,28000,28850,354719
20130425,29050,29300,28550,28750,197396
20130426,28750,29000,28300,28500,174176
20130429,28550,28750,28150,28250,169402
20130430,28400,29000,28200,28250,204722
20130502,28100,28200,26700,26900,502731
20130503,26950,27050,26300,27000,300401
20130506,27100,27650,26850,27650,267119
20130507,27550,27950,27100,27250,200808
20130508,27350,27600,26750,26800,161646
20130509,27050,27250,26750,27050,151884
20130510,25900,25900,23000,23000,3930426
20130513,23300,23950,22800,23700,1042724
20130514,24000,24000,23150,23450,536508
20130515,23450,23650,23300,23400,338995
20130516,23400,23850,23350,23450,386486
20130520,23600,23650,22850,22950,565008
20130521,22750,23250,22300,23250,731768
20130522,23350,23400,23100,23250,200790
20130523,23150,23250,22600,22600,379456
20130524,22550,23050,22550,22800,186043
20130527,23000,23300,22550,22650,357552
20130528,22700,23200,22600,23150,283396
20130529,23150,23250,22900,23050,285358
20130530,23050,23100,22650,22700,282011
20130531,22500,22700,22400,22600,381116
20130603,22600,22650,22200,22250,244160
20130604,22450,22500,21700,22200,335796
20130605,22050,22350,21900,21950,186817
20130607,21950,22200,21550,21600,196818
20130610,21650,21800,21200,21300,310536
20130611,21300,21500,20700,21350,372504
20130612,21250,21750,21100,21450,248180
20130613,21450,21500,21000,21150,223441
20130614,21200,21400,20900,21050,176784
20130617,21200,21200,20300,20700,252472
20130618,20550,20750,20400,20500,168073
20130619,20750,20750,19900,20000,392434
20130620,19650,19750,19150,19400,371324
20130621,18700,19750,18500,19500,387861
20130624,19400,19500,18500,18500,494918
20130625,18150,18850,17850,18300,316006
20130626,18450,18900,18300,18800,215439
20130627,18950,20000,18950,20000,464054
20130628,19900,20100,19600,19900,405537
20130701,20000,20000,19500,19800,295354
20130702,19800,19850,18650,18750,589322
20130703,19350,21050,19300,20350,2171899
20130704,20350,21800,20000,21800,1314384
20130705,21800,22350,21450,21700,683255
20130708,21700,22150,21250,21500,458513
20130709,21750,21800,20950,21350,547541
20130710,21750,21750,21200,21250,408932
20130711,21300,21750,21250,21550,400743
20130712,21700,21750,21000,21000,470599
20130715,21000,21200,20200,20700,601321
20130716,20850,21050,20550,20700,337237
20130717,20700,21550,20600,21400,555709
20130718,21500,22100,21200,21900,544634
20130719,22200,22200,21400,21850,331283
20130722,21900,22850,21800,22800,772244
20130723,22800,22900,22500,22700,419413
20130724,23000,23100,22650,23100,471342
20130725,23050,23450,22650,23350,472162
20130726,23150,23450,23000,23000,228942
20130729,23250,23500,23000,23400,390787
20130730,23400,23450,23150,23450,190871
20130731,23500,23800,23300,23800,323458
20130801,23700,23900,23050,23100,243512
20130802,23350,23400,22800,23050,261110
20130805,23050,24250,23050,24250,759704
20130806,24200,24450,23700,24350,424678
20130807,24150,24450,23800,24250,484580
20130808,24000,24200,23250,23550,506595
20130809,23700,24350,23450,24300,325948
20130812,24400,24900,24100,24650,383141
20130813,24650,24700,24100,24350,224121
20130814,24250,24600,23950,24350,200462
20130816,23950,24550,23950,24400,189213
20130819,24250,24600,24250,24250,159905
20130820,24250,24700,23300,23800,263477
20130821,23800,24100,23400,23700,212272
20130822,23300,23350,22600,22950,349704
20130823,23200,23700,23200,23550,147949
20130826,23850,24550,23750,24550,271152
20130827,24450,24500,24000,24000,187402
20130828,23450,23750,22950,23500,274883
20130829,23450,23800,23100,23250,223548
20130830,23300,23650,22650,23050,269361
20130902,23000,23500,22850,23100,197922
20130903,23300,23900,23300,23600,216402
20130904,23800,24150,23450,23950,246204
20130905,24300,24400,24000,24300,224136
20130906,24200,24300,23850,23850,163678
20130909,23950,24150,23800,23900,112934
20130910,24050,24250,23700,23900,192324
20130911,24150,25650,24000,25650,875802
20130912,25750,26800,25550,26650,945565
20130913,26500,26700,25700,26050,409831
20130916,26050,26350,25600,25800,239254
20130917,25900,25900,25100,25350,329910
20130923,25500,26200,25350,25800,350662
20130924,25800,25900,25050,25800,294461
20130925,25650,25950,25300,25300,237474
20130926,25350,26100,25300,26100,379041
20130927,26000,26000,25500,25550,218491
20130930,25500,25900,25450,25700,221588
20131001,25600,25850,24800,25150,310553
20131002,25300,25600,24800,25400,284650
20131004,25150,25550,25050,25150,188675
20131007,25150,25400,24250,24450,276586
20131008,24300,24650,24100,24500,229904
20131010,24300,25150,24300,25150,511672
20131011,25300,25400,24800,25000,252106
20131014,25200,25200,24650,24800,212372
20131015,24900,25150,24550,25000,285267
20131016,25100,25500,24450,24450,350745
20131017,24650,24750,22300,23650,706130
20131018,23350,24000,23350,23950,210142
20131021,24000,25600,23700,25300,368404
20131022,25600,26400,25150,26300,759861
20131023,26550,27000,26100,26100,675985
20131024,26400,27400,26250,27200,656788
20131025,27350,27400,26500,27250,342719
20131028,27150,27950,26800,27800,526115
20131029,27700,28100,27500,27500,386078
20131030,27600,27750,27100,27150,286146
20131031,27150,28050,27150,27650,453745
20131101,27950,28100,27100,27200,344333
20131104,27300,27450,26650,26650,224808
20131105,26500,27300,26500,26650,244062
20131106,26900,27600,26900,27350,288888
20131107,27350,27400,26500,26900,247602
20131108,27000,27100,26250,26350,304253
20131111,23300,24150,22400,22400,1373329
20131112,21550,22600,20850,21750,2503270
20131113,21650,22650,21500,22000,1091424
20131114,22200,22200,20950,21500,1003530
20131115,21600,22050,20950,21100,944992
20131118,21700,22300,20800,21100,1541779
20131119,21250,22100,21250,22000,726524
20131120,22350,22850,22050,22550,1118565
20131121,22450,22700,22200,22600,363363
20131122,22750,22800,22400,22700,372564
20131125,22750,22900,22550,22800,379180
20131126,22600,23250,22350,23150,306866
20131127,23300,23400,22800,23200,259988
20131128,23350,23700,23150,23550,494486
20131129,23550,23600,22700,22900,363811
20131202,22850,23250,22500,22900,182093
20131203,22800,23100,22750,22800,220376
20131204,22500,22800,22150,22250,277228
20131205,22200,22500,22200,22300,131399
20131206,22100,22300,21750,21850,236366
20131209,22050,22150,21450,21700,246728
20131210,21950,22400,21500,22350,198774
20131211,22300,22300,21550,21600,255303
20131212,21200,22150,21150,22100,180951
20131213,21800,22250,21550,22050,134797
20131216,22100,22400,22000,22000,154085
20131217,22050,22250,21650,21800,163640
20131218,21800,22250,21650,22200,138903
20131219,22450,22450,22100,22350,124231
20131220,22150,22750,22150,22550,117134
20131223,22450,22900,22400,22700,123808
20131224,22600,23200,22600,23150,174703
20131226,23250,23300,22800,22800,117234
20131227,22800,23100,22700,23000,159748
20131230,23150,23150,22850,23000,120087
20140102,23200,23200,22300,22400,163080
20140103,22500,22900,22400,22800,200982
20140106,22700,23200,22700,23100,171481
20140107,23300,23350,22800,23000,160022
20140108,23000,23050,22400,22800,223907
20140109,22850,22850,22500,22550,148824
20140110,22700,22950,22400,22950,215474
20140113,23150,23500,22900,23400,302337
20140114,23200,24350,23200,24250,502583
20140115,24400,24400,23600,23750,350740
20140116,23700,24000,23550,23950,269300
20140117,23800,23900,22950,23100,381295
20140120,23200,23300,22600,22700,343625
20140121,22700,23050,22700,22900,230128
20140122,23150,23800,23150,23650,382248
20140123,23600,23750,23250,23400,206608
20140124,23150,23250,22500,23100,406597
20140127,22450,22600,22200,22250,291892
20140128,22400,22900,22250,22800,210031
20140129,22800,22800,22200,22200,446919
20140203,22050,22100,21250,21450,416520
20140204,21000,21300,20800,20900,533487
20140205,21050,21300,17850,18100,3915574
20140206,18150,18300,16800,17300,3322139
20140207,17300,17450,16600,16800,2062315
20140210,17050,17300,16900,17150,1303640
20140211,17150,17250,17000,17200,675572
20140212,17250,17300,17050,17100,630827
20140213,17100,17550,17050,17450,968405
20140214,17500,17550,16650,16950,1164769
20140217,17000,17150,16800,17100,472451
20140218,17300,17300,17000,17050,397906
20140219,17050,17150,16800,16850,414959
20140220,16800,17050,16700,16750,378662
20140221,16750,16950,16650,16800,360367
20140224,16850,17050,16800,16850,317024
20140225,16900,17000,16500,16600,557335
20140226,16650,16900,16550,16750,331095
20140227,16750,16950,16700,16700,264729
20140228,16850,17400,16800,17200,837989
20140303,17250,17500,17100,17250,534074
20140304,17250,17250,16800,16850,446638
20140305,17050,17100,16800,16850,367403
20140306,17000,17200,16850,17100,299205
20140307,17200,17500,17150,17300,479417
20140310,17550,18050,17500,17750,1258067
20140311,17750,17750,17250,17400,452615
20140312,17350,17350,17000,17000,410809
20140313,17100,17300,16950,17050,287143
20140314,16850,17150,16750,17150,410849
20140317,17100,17200,16650,16750,487087
20140318,16800,16850,16450,16550,531494
20140319,16650,16700,15500,15700,1693510
20140320,15550,15950,15350,15850,586871
20140321,15950,16000,15750,15850,327863
20140324,15700,16450,15700,16250,578655
20140325,16350,16600,16100,16200,489088
20140326,16250,16450,16200,16200,250969
20140327,16300,16400,15950,16150,241892
20140328,16000,16150,15900,16000,299502
20140331,16050,16050,15750,15900,294027
20140401,15950,16300,15850,16200,375548
20140402,16200,16300,16000,16100,365559
20140403,16050,16400,16000,16100,403837
20140404,16050,16250,16050,16200,192807
20140407,16200,16300,16000,16050,257876
20140408,15950,16050,15800,15950,390306
20140409,16050,16600,15850,16350,722342
20140410,16450,17000,16400,16850,1152475
20140411,16550,16800,16500,16650,345260
20140414,16650,16650,16300,16400,361794
20140415,16450,16600,16350,16450,307246
20140416,16450,16500,16200,16350,275921
20140417,16400,16500,16100,16100,324504
20140418,16200,16500,16200,16350,267266
20140421,16400,16450,16150,16150,199502
20140422,16200,16450,16100,16300,274710
20140423,16300,16400,15900,16000,416812
20140424,16050,16150,15700,15750,431310
20140425,15850,16150,15750,15750,306761
20140428,15700,15900,15700,15800,171876
20140429,15800,15950,15550,15600,217963
20140430,15600,15850,15600,15650,185977
20140502,15800,15950,15650,15700,234268
20140507,15650,15700,15300,15300,318926
20140508,15200,15350,14700,14800,454302
20140509,14700,15450,14400,14500,1119504
20140512,14550,14550,13800,13800,977029
20140513,13900,14300,13800,14050,433011
20140514,14050,14200,13750,13800,585992
20140515,13800,14200,13800,14050,599439
20140516,14000,14200,13650,13750,557127
20140519,13800,13850,13100,13250,724766
20140520,13300,13400,12650,12850,959797
20140521,12750,13300,12750,13250,535478
20140522,13350,13500,13200,13350,250617
20140523,13350,13650,13150,13250,419860
20140526,13250,13350,13100,13100,171062
20140527,13350,14050,13350,13850,963971
20140528,13900,13900,13550,13750,247609
20140529,13850,13850,13400,13500,284281
20140530,13450,13600,13100,13150,258022
20140602,13150,13200,12800,12800,301519
20140603,13050,13250,12950,13000,381969
20140605,12900,13100,12250,12300,571381
20140609,12400,12900,12400,12850,352043
20140610,12850,12850,12500,12650,316872
20140611,12400,12600,11950,12150,755883
20140612,12250,12400,12050,12200,277987
20140613,12250,12400,12150,12250,242052
20140616,12300,12400,12050,12300,250510
20140617,12350,12700,12250,12550,329486
20140618,12600,12650,12150,12300,314297
20140619,12400,12650,12250,12600,342678
20140620,12700,12700,12250,12300,288423
20140623,12300,12450,11950,12100,289384
20140624,12000,12450,12000,12400,182431
20140625,12450,13600,12400,13300,2047183
20140626,13200,13350,12900,12950,610627
20140627,13050,13550,13000,13050,814160
20140630,13000,13550,13000,13350,504270
20140701,13450,13550,13200,13350,370574
20140702,13350,13800,13150,13600,622786
20140703,13700,13700,13200,13200,403286
20140704,13250,13350,13050,13300,282985
20140707,13250,13300,12950,12950,279944
20140708,12900,13150,12900,13000,235622
20140709,13000,13150,12550,12650,419239
20140710,12650,12800,12600,12600,229282
20140711,12550,12600,12350,12400,305862
20140714,12500,13200,12400,13150,591553
20140715,13100,13450,12850,12850,504231
20140716,12950,13100,12600,12750,298439
20140717,12900,13400,12850,13250,542553
20140718,13100,13350,13050,13100,339761
20140721,13300,13400,13050,13150,354775
20140722,13150,13150,12900,12950,306663
20140723,13200,13750,13200,13450,1207054
20140724,13400,13450,13200,13300,425498
20140725,13550,13750,13250,13300,738066
20140728,13250,13500,13150,13250,391857
20140729,13350,13500,13250,13350,432741
20140730,13500,13700,13300,13350,645085
20140731,13450,13600,12200,12650,1115855
20140801,12550,13050,12550,12850,415360
20140804,13000,13600,12950,13400,983722
20140805,13650,13700,13200,13300,552354
20140806,13200,13200,12600,12800,664522
20140807,12750,12900,12450,12550,456802
20140808,12650,12750,12350,12650,359320
20140811,12600,12650,12200,12300,579139
20140812,12300,12450,12200,12300,264902
20140813,12300,12350,11750,11850,782391
20140814,11900,12450,11850,12400,545482
20140818,12500,12800,12350,12350,311108
20140819,12350,12600,12100,12350,344846
20140820,12350,12400,11900,11950,420596
20140821,11900,12100,11750,12000,297367
20140822,11950,12050,11550,11650,428023
20140825,11550,12200,11550,12100,506396
20140826,12150,12200,11900,11950,203742
20140827,12000,12050,11750,11800,236295
20140828,11850,12250,11800,11950,379955
20140829,12000,12100,11900,12050,177315
20140901,12050,12100,11750,12000,308502
20140902,11950,12650,11950,12300,845622
20140903,12400,12400,11900,12000,478348
20140904,12600,13350,12500,13050,3090410
20140905,13300,13450,12550,12650,1107273
20140911,12550,12600,12300,12400,615303
20140912,12400,12650,12100,12550,456073
20140915,12500,12600,12350,12500,277885
20140916,12550,12700,12400,12450,329145
20140917,12500,12600,12250,12500,419735
20140918,12550,12900,12450,12700,598566
20140919,12900,13150,12750,12800,596476
20140922,13000,13250,12800,12900,622460
20140923,12850,12900,12600,12700,298368
20140924,12700,12900,12650,12800,242734
20140925,12950,13000,12600,12600,312829
20140926,12450,12500,12100,12150,533425
20140929,12200,12250,11850,11900,464104
20140930,11800,12050,11800,12050,250347
20141001,12000,12100,11450,11500,542071
20141002,11300,11900,11200,11850,367453
20141006,11800,12000,11700,11900,244626
20141007,11900,12300,11900,12000,253205
20141008,11800,12200,11800,12050,161199
20141010,12000,12600,11900,12300,496542
20141013,12300,12550,12050,12150,453118
20141014,12150,12800,12100,12500,756053
20141015,12450,12500,12200,12300,372230
20141016,12300,12600,12100,12250,340938
20141017,12250,12350,11750,11800,506637
20141020,12000,12050,11850,12000,175915
20141021,12100,12100,11750,11800,267230
20141022,11950,12000,11600,11650,303846
20141023,11600,11800,11600,11700,225340
20141024,11850,11850,11400,11450,309978
20141027,11500,12050,11500,11900,360470
20141028,11950,12000,11700,11750,187515
20141029,11800,12100,11650,11850,364608
20141030,11850,12050,11500,11600,386950
20141031,11650,11650,11300,11400,310263
20141103,11400,11500,10500,10700,780015
20141104,10650,11000,9980,10300,701715
20141105,10300,10800,10250,10750,383219
20141106,10700,10800,10350,10600,236898
20141107,10600,10900,10250,10250,492801
20141110,10200,11350,10100,11050,1154775
20141111,11200,11500,10800,10950,761983
20141112,10950,11100,10700,11000,347954
20141113,10950,11200,10900,11100,311035
20141114,11150,11250,10800,10900,202546
20141117,10900,11200,10800,10950,227126
20141118,11000,11150,10800,11050,235629
20141119,11150,11450,11000,11300,611838
20141120,11350,11350,11150,11200,166920
20141121,11250,11500,11150,11400,350319
20141124,11550,11600,11300,11500,470484
20141125,11600,11750,11500,11650,276687
20141126,11700,11750,11350,11400,260866
20141127,11500,11550,11000,11200,307000
20141128,11050,11200,10800,10950,275744
20141201,11050,11250,10800,11150,223687
20141202,11050,11450,11050,11400,345413
20141203,11400,11450,11250,11300,145093
20141204,11550,11900,11500,11650,667758
20141205,11600,11700,11550,11650,140036
20141208,11700,11950,11600,11950,290774
20141209,11900,12100,11700,12050,333239
20141210,11950,12700,11900,12400,1158648
20141211,12300,12550,12150,12200,365045
20141212,12200,12400,11700,11750,474889
20141215,11600,11800,11450,11650,323208
20141216,11650,11700,10950,11150,662232
20141217,11200,11850,11100,11800,778583
20141218,11800,11900,11450,11700,267387
20141219,11850,12100,11700,11900,361396
20141222,11900,12250,11850,11950,207494
20141223,12050,12150,11700,11800,165979
20141224,11850,12150,11800,12050,246660
20141226,12000,12150,11700,11700,180480
20141229,11700,11800,11250,11300,255537
20141230,11300,11650,11300,11400,178456
20150102,11350,11500,11100,11200,234779
20150105,11200,11350,11050,11200,341149
20150106,11050,11250,10650,10750,505599
20150107,10750,10850,10600,10650,253006
20150108,10700,10900,10550,10600,324060
20150109,10600,10850,10550,10750,413508
20150112,10800,11200,10800,10950,361413
20150113,11050,11050,10800,10800,172436
20150114,10750,10850,10500,10600,306833
20150115,10500,10700,10450,10600,145321
20150116,10650,10700,10100,10200,466570
20150119,10350,10450,10250,10400,201395
20150120,10450,10500,10350,10450,138852
20150121,10500,10550,10250,10300,171509
20150122,10300,10650,10300,10550,291945
20150123,10600,10650,10350,10450,189274
20150126,10400,10400,10200,10350,245866
20150127,10300,10600,10300,10400,392951
20150128,10350,10650,10300,10650,296450
20150129,10600,10650,10400,10450,183459
20150130,10600,10600,10250,10400,337764
20150202,10350,10700,10350,10650,242882
20150203,10700,10750,10500,10650,221214
20150204,10700,10700,10550,10600,258816
20150205,10650,10650,10400,10400,285795
20150206,10500,10800,10400,10650,511910
20150209,10700,10750,10500,10600,248084
20150210,10600,10650,10150,10250,529480
20150211,10300,10500,10200,10350,251360
20150212,10400,10550,10200,10300,322779
20150213,10350,10400,10200,10250,273687
20150216,10250,10400,10200,10300,268175
20150217,10300,10300,10100,10200,396590
20150223,10200,10250,9990,10000,409274
20150224,10050,10400,10000,10400,328637
20150225,10450,10600,10350,10600,374184
20150226,10600,10650,10450,10500,251527
20150227,10550,10600,10400,10450,208247
20150302,10550,11050,10500,10950,1084022
20150303,10950,11150,10850,10950,384010
20150304,10950,11250,10950,11100,350689
20150305,11000,11600,11000,11500,888758
20150306,11700,13000,11700,12700,3818720
20150309,12850,13000,12300,12700,1348378
20150310,12700,12750,12000,12150,988222
20150311,11900,12250,11850,12200,575694
20150312,12250,12400,12000,12000,408560
20150313,12000,12900,12000,12500,1057648
20150316,12350,12450,12150,12250,425119
20150317,12250,12500,12100,12250,442760
20150318,12150,12600,12100,12150,456274
20150319,12200,12800,12150,12700,861305
20150320,12700,12900,12500,12750,614242
20150323,13000,13050,12700,12800,447240
20150324,12800,12850,12400,12500,421729
20150325,12500,12650,12200,12250,494397
20150326,12200,12600,12150,12400,453316
20150327,12550,12600,12250,12450,335810
20150330,12450,12450,12000,12050,484167
20150331,12100,12900,11750,12850,1074439
20150401,12850,13000,12600,12800,441618
20150402,12850,13750,12750,13300,2107491
20150403,13450,13550,13150,13350,602696
20150406,13200,13300,12800,12900,696361
20150407,12900,13150,12750,13150,626324
20150408,13050,13300,13000,13150,400600
20150409,13100,13200,12850,12900,378645
20150410,13000,13700,12950,13500,1209922
20150413,13800,14050,13450,13650,1095828
20150414,13700,14200,13450,13900,1189877
20150415,13900,13900,13450,13550,528417
20150416,13550,13650,13100,13300,710226
20150417,13250,13550,13200,13350,496536
20150420,13200,13500,12950,13150,532751
20150421,13300,13300,12700,12850,632579
20150422,12950,13450,12850,13400,1174448
20150423,13750,13850,13200,13300,744442
20150424,13350,13400,12850,13300,749826
20150427,13450,13500,13100,13400,359585
20150428,13600,13600,13250,13450,424588
20150429,13400,13700,13200,13600,616236
20150430,13550,14000,12850,12950,822595
20150504,13000,13100,12650,12900,277600
20150506,12750,12900,12450,12500,376776
20150507,12400,13050,12400,12950,369079
20150508,13050,13250,12300,12450,568219
20150511,12650,13100,12600,12700,458449
20150512,12700,12750,12350,12450,368664
20150513,12450,12650,12350,12450,191839
20150514,12400,12550,12100,12250,436997
20150515,12250,12350,11900,11900,393253
20150518,11950,11950,11350,11550,511189
20150519,11550,11800,11450,11650,273647
20150520,11550,11700,11450,11450,229165
20150521,11400,11500,11050,11150,322000
20150522,11200,12050,11200,11750,599072
20150526,11850,11850,11350,11600,256994
20150527,11500,11650,11250,11450,257174
20150528,11500,11600,11150,11250,275267
20150529,11300,11650,11200,11450,190500
20150601,11450,11500,11050,11200,260108
20150602,11250,11650,10900,11550,584950
20150603,11900,12400,11500,12400,1121951
20150604,12300,12500,11900,12450,666762
20150605,12450,12850,12300,12400,509981
20150608,12450,12950,12400,12600,608808
20150609,12750,13050,12500,12700,453024
20150610,12700,12750,12300,12450,282868
20150611,12600,12950,12400,12950,290550
20150612,12850,12950,12250,12450,382317
20150615,12300,12800,12250,12450,231027
20150616,12350,12500,12050,12200,241541
20150617,12200,13350,12100,13350,1159750
20150618,13350,13450,13000,13150,567886
20150619,13200,13250,12850,13200,376825
20150622,13250,13550,13100,13150,417626
20150623,13300,13600,12750,13100,666966
20150624,13200,13400,13000,13050,404752
20150625,13150,13650,13100,13500,966100
20150626,13600,13850,13150,13250,830695
20150629,13250,15300,13150,14900,5367682
20150630,15050,15600,14500,14750,2914861
20150701,15000,15300,14800,15200,1504812
20150702,15200,15300,14800,15300,1161770
20150703,15200,15250,14850,15050,794949
20150706,14800,15450,14650,15150,914459
20150707,15850,16500,14950,15000,3030371
20150708,15050,15850,15050,15350,1390078
20150709,15400,15400,14200,14700,1164545
20150710,14750,15700,14750,15650,1438363
20150713,15650,16200,15450,16000,1257179
20150714,16000,16250,15650,16000,781162
20150715,16100,16450,15750,16000,576304
20150716,16150,16150,15100,15300,1158335
20150717,15350,15450,14900,15300,747833
20150720,15200,15250,14850,15050,522315
20150721,15000,15200,14600,15100,490552
20150722,15450,16250,15400,15400,1917328
20150723,15650,15650,15200,15350,364426
20150724,15400,15650,14750,14750,686103
20150727,14800,15300,14750,15050,492201
20150728,14850,15250,14400,15150,600800
20150729,15350,15350,14550,14550,337962
20150730,14450,14900,14400,14650,335873
20150731,14500,14700,14050,14150,402719
20150803,14450,14850,14250,14550,273993
20150804,14450,15200,14400,15200,388861
20150805,15150,15400,14950,15100,267227
20150806,15300,15450,14750,14850,275419
20150807,14850,15200,14700,14850,328956
20150810,14950,15200,14500,14550,259348
20150811,14750,15950,14750,15650,1997754
20150812,15600,15850,14700,15250,1507999
20150813,15300,16200,15300,16100,1682338
20150817,16250,16900,16050,16350,1117184
20150818,16600,16950,16150,16900,1352946
20150819,16600,16750,15850,16250,974233
20150820,16250,16850,16250,16300,757294
20150821,15600,16050,15300,15350,1077988
20150824,15450,15950,15050,15400,832165
20150825,15650,15750,14800,15100,961721
20150826,15000,15500,14650,15400,824646
20150827,15650,16150,15350,15700,802588
20150828,16000,16050,15500,15550,389423
20150831,15650,15800,15300,15300,303300
20150901,15150,16150,15050,15800,958841
20150902,15500,16050,15300,15600,834670
20150903,15700,15700,15250,15450,469522
20150904,15400,15500,14200,14300,751426
20150907,14400,15100,14250,14800,462941
20150908,14750,14950,14000,14250,493138
20150909,14550,14700,14200,14650,360979
20150910,14450,14700,14350,14700,157590
20150911,14700,14750,14450,14550,144768
20150914,14500,14700,14250,14550,165789
20150915,14600,14600,14300,14400,109033
20150916,14600,14850,14500,14600,276588
20150917,14750,15000,14400,14550,251381
20150918,14650,14800,14400,14600,255181
20150921,14500,14700,14300,14450,125771
20150922,14550,14750,14450,14550,142993
20150923,14450,14700,14150,14150,219229
20150924,14350,14400,14150,14300,166767
20150925,14300,14400,14100,14250,134020
20150930,14100,14600,14050,14550,212177
20151001,14550,14800,14250,14300,208144
20151002,14300,14400,13350,13400,671396
20151005,13500,13850,13250,13500,399260
20151006,14000,14350,13900,13900,427135
20151007,13800,14050,13550,13550,175015
20151008,13650,13800,13500,13750,114146
20151012,13850,14000,13550,13600,144516
20151013,13600,13800,13450,13650,159536
20151014,13600,13750,13300,13300,175610
20151015,13300,13550,12900,12950,354414
20151016,13100,13200,12900,12900,196099
20151019,13000,13300,13000,13100,152330
20151020,13100,13200,12950,13050,124294
20151021,13000,13050,12300,12350,551592
20151022,12400,12600,12000,12050,289392
20151023,12150,12300,11800,11900,298847
20151026,12000,12800,12000,12450,618508
20151027,12550,12550,12300,12400,160981
20151028,12500,12650,12300,12400,157002
20151029,12400,12450,12100,12150,143988
20151030,12500,12800,12100,12250,389650
20151102,12200,12200,11550,11600,415837
20151103,11650,11800,11600,11700,179773
20151104,11800,12650,11550,12500,818612
20151105,12500,12700,12150,12250,349442
20151106,12100,12200,11600,11800,417924
20151109,11700,11800,10900,11000,707626
20151110,10950,11150,10700,10800,411282
20151111,10800,11000,10700,10900,261967
20151112,10900,11150,10800,11000,303188
20151113,10900,11000,10700,10800,204988
20151116,10500,10700,10350,10450,311236
20151117,10600,10800,10500,10800,338298
20151118,10800,10850,10550,10600,158011
20151119,10700,10800,10600,10750,180428
20151120,10750,11000,10700,10900,217903
20151123,11050,11350,10850,11350,318837
20151124,11350,11350,11050,11250,218646
20151125,11200,11450,11050,11050,201499
20151126,11150,11250,11000,11250,173690
20151127,11300,11450,11150,11300,199861
20151130,11300,11300,11050,11250,186464
20151201,11200,11400,11050,11350,186248
20151202,11350,11350,11150,11200,101549
20151203,11200,11250,11050,11200,115537
20151204,11050,11250,11050,11200,98194
20151207,11300,11400,11100,11300,149385
20151208,11250,11300,10850,10900,178086
20151209,10850,11000,10650,11000,146159
20151210,10900,11000,10700,10900,118677
20151211,10900,11000,10750,10800,93747
20151214,10600,10800,10500,10550,131327
20151215,10550,10900,10550,10850,141006
20151216,11000,11250,10950,11150,167707
20151217,11200,11300,11150,11250,110759
20151218,11250,11850,11050,11700,508489
20151221,11700,12100,11550,12050,300799
20151222,12300,12750,12100,12400,627052
20151223,12400,12500,12250,12300,203395
20151224,12350,12500,12050,12150,189573
20151228,12000,12450,12000,12150,183387
20151229,12050,12300,12050,12200,113055
20151230,12250,12500,12200,12350,148064
20160104,12300,12500,11950,11950,207598
20160105,11750,12100,11700,11800,173033
20160106,11850,12400,11700,12400,317689
20160107,12250,12750,12150,12300,285340
20160108,12000,12400,11900,12300,205589
20160111,12150,12300,11800,11800,166749
20160112,11900,12300,11900,12250,208934
20160113,12300,12500,12200,12250,164940
20160114,12100,12150,11850,12000,191775
20160115,12250,12600,12100,12350,301782
20160118,12250,13000,12250,12950,750893
20160119,13000,13000,12700,12850,257984
20160120,12850,12900,12050,12400,377148
20160121,12400,12550,12050,12100,287702
20160122,12350,12850,12250,12750,439273
20160125,13000,13050,12750,12750,269377
20160126,12700,12900,12600,12750,187842
20160127,12850,13300,12400,12650,587024
20160128,12650,12650,12400,12600,320775
20160129,12600,12900,12450,12850,209925
20160201,12900,12900,12550,12600,137525
20160202,12550,13600,12550,13600,1150242
20160203,13500,13800,13350,13800,683295
20160204,13700,13750,13400,13700,371985
20160205,13650,13650,13350,13500,236414
20160211,13350,13450,12900,13100,464153
20160212,13100,13250,12150,12450,542869
20160215,12650,13250,12600,13150,366722
20160216,13200,13300,12850,13000,290060
20160217,12900,13000,12250,12300,471313
20160218,12500,12750,12350,12600,337846
20160219,12450,12550,12150,12350,288725
20160222,12350,12500,12200,12350,224018
20160223,12450,12500,12100,12150,231339
20160224,12100,12600,12050,12250,182107
20160225,12400,12550,12250,12500,180960
20160226,12600,12600,12350,12450,169999
20160229,12550,12550,12200,12500,167171
20160302,12600,12650,12350,12400,203427
20160303,12400,13250,12400,13050,644945
20160304,13050,13050,12800,12900,217449
20160307,13000,13050,12550,12600,204954
20160308,12600,12900,12500,12700,204933
20160309,12700,12700,12500,12650,100670
20160310,12650,13350,12550,13250,512291
20160311,13200,13400,12950,13100,359807
20160314,13250,13300,12900,13000,188006
20160315,13100,13100,12600,12600,276490
20160316,12600,12850,12600,12650,174390
20160317,12750,12850,12500,12650,260938
20160318,12750,13100,12750,12850,305916
20160321,12900,13100,12800,12950,186095
20160322,13050,13300,12950,13200,255244
20160323,13300,13300,13000,13000,172740
20160324,13050,13200,12900,13100,131057
20160325,13150,13400,12700,12800,343745
20160328,13050,13750,13050,13150,1342648
20160329,13350,14200,13350,14200,1147372
20160330,14250,14450,13950,14150,497626
20160331,14150,14350,13900,14350,555687
20160401,14250,14400,13900,14100,305794
20160404,14050,14050,13650,13800,532768
20160405,13800,14250,13700,14250,473347
20160406,14150,14250,13650,13800,388006
20160407,13800,13800,13450,13500,351026
20160408,13500,13750,13400,13700,268078
20160411,13550,13700,13250,13400,310479
20160412,13400,13750,13350,13650,203287
20160414,13600,13800,13550,13650,183129
20160415,13600,13700,13150,13200,358137
20160418,13250,13700,13150,13600,313448
20160419,13600,13800,13300,13400,276667
20160420,13400,13550,13250,13250,188817
20160421,13350,13400,13150,13350,200219
20160422,13250,13450,13200,13350,149608
20160425,13400,13600,13150,13200,210865
20160426,13200,13550,13200,13450,216539
20160427,13550,13550,13300,13350,155846
20160428,13450,13500,13200,13250,161958
20160429,13250,13350,13050,13300,167887
20160502,13150,13850,13150,13700,447963
20160503,13750,14650,13550,14650,1311971
20160504,14600,14900,14450,14600,807092
20160509,14750,15300,14750,15150,1086054
20160510,15100,15450,14950,15350,529512
20160511,15350,15450,15100,15300,329034
20160512,15200,15750,15150,15450,391292
20160513,15450,15700,15400,15500,256457
20160516,15500,15650,15200,15550,298289
20160517,15550,15700,15150,15300,339914
20160518,15300,15850,15300,15700,460266
20160519,15650,15650,14400,14400,1057353
20160520,14400,14750,14300,14650,311958
20160523,14600,14750,14450,14700,176778
20160524,14550,14600,13900,14200,537380
20160525,14400,14700,14350,14650,396448
20160526,14700,15150,14600,14700,285983
20160527,14700,14900,14300,14700,207513
20160530,14850,14850,14450,14500,126440
20160531,14500,14900,14400,14900,183927
20160601,14900,14900,14550,14700,282377
20160602,14700,14800,14400,14500,323051
20160603,14350,14700,14150,14500,242798
20160607,14600,14850,14550,14600,158275
20160608,14650,14750,14300,14650,190183
20160609,14650,15100,14600,15100,453574
20160610,15050,15500,15000,15100,407099
20160613,14950,15300,14850,15050,236538
20160614,15000,15150,14700,14900,204531
20160615,14850,15050,14550,14650,190456
20160616,14700,14800,14350,14400,152133
20160617,14500,14800,14200,14400,173325
20160620,14550,15150,14550,15100,262134
20160621,15200,15250,14900,15050,185311
20160622,15050,15300,14400,14600,280372
20160623,14550,14600,14300,14500,185540
20160624,14700,14800,13550,13750,487668
20160627,13400,14050,13400,14050,241518
20160628,13950,14250,13750,14250,210126
20160629,14450,14500,14250,14400,121439
20160630,14500,14750,14350,14450,138309
20160701,14450,14650,14400,14500,138310
20160704,14550,14550,13900,14000,343793
20160705,13950,14000,13800,13950,172608
20160706,13850,14100,13700,13750,131411
20160707,13850,14000,13750,13800,140337
20160708,13900,13900,13600,13750,122955
20160711,13750,13800,13600,13650,166022
20160712,13750,14250,13700,13900,225177
20160713,13900,13950,13400,13450,473028
20160714,13450,13600,13300,13550,279807
20160715,12750,13100,12350,13050,1580072
20160718,13150,13250,12950,13000,157215
20160719,13100,13100,12700,12900,183282
20160720,12850,12900,12650,12800,192361
20160721,12850,12900,12550,12600,133923
20160722,12550,12850,12550,12700,169631
20160725,12750,12950,12700,12850,162490
20160726,12850,12950,12650,12900,119535
20160727,12800,13000,12750,12750,96211
20160728,12850,13000,12750,12950,128690
20160729,13000,13050,12750,12850,203166
20160801,12950,13000,12750,12850,113744
20160802,12850,13500,12850,13300,478563
20160803,13300,13300,12850,12950,255779
20160804,12950,13050,12650,12650,177834
20160805,12750,12900,12450,12550,221199
20160808,12650,12700,12400,12550,145849
20160809,12450,12700,12450,12550,175623
20160810,12600,12800,12500,12650,176349
20160811,12650,12650,12400,12500,147976
20160812,12500,12650,12450,12650,154701
20160816,12700,12700,12500,12500,101366
20160817,12450,12500,12100,12200,275555
20160818,12250,12250,11950,12000,165989
20160819,12000,12150,11900,11900,182625
20160822,11950,11950,11700,11800,177484
20160823,11750,11900,11700,11700,146442
20160824,11700,12500,11700,12350,356981
20160825,12350,12400,12000,12050,178476
20160826,12150,12650,12050,12600,288266
20160829,12600,12700,12350,12450,174853
20160830,12400,12650,12400,12550,153114
20160831,12550,12600,12400,12400,86658
20160901,12400,12450,12200,12250,93532
20160902,12300,12350,12100,12300,89527
20160905,12350,12450,12250,12300,97966
20160906,12400,12850,12350,12400,263281
20160907,12500,12550,12150,12200,146307
20160908,12250,12250,11850,11900,243115
20160909,11950,12000,11600,11750,182046
20160912,11600,11750,11500,11550,151269
20160913,11600,11750,11550,11600,133915
20160919,11600,12000,11550,11800,88962
20160920,11750,12000,11750,11850,110192
20160921,11850,12000,11800,11950,56001
20160922,12050,12050,11900,12000,80673
20160923,12000,12150,12000,12100,64946
20160926,12050,12400,12050,12300,129331
20160927,12200,12450,12150,12400,118983
20160928,12350,12450,12200,12350,71472
20160929,12400,12550,12300,12300,84664
20160930,12300,12450,12150,12400,93132
20161004,12350,12600,12350,12400,105965
20161005,12400,12600,12400,12600,122617
20161006,12750,13100,12650,12950,403290
20161007,12950,13300,12800,13300,291130
20161010,13400,13700,13300,13650,327624
20161011,13700,13800,13500,13600,195107
20161012,13600,13700,13550,13700,111162
20161013,13700,13700,12950,13150,300937
20161014,13150,13350,12750,12850,223921
20161017,12900,13200,12850,12900,127379
20161018,12850,13050,12850,13000,63254
20161019,13050,13150,12900,12950,90312
20161020,13000,13050,12800,12850,86865
20161021,12900,13200,12850,13200,164930
20161024,13150,13450,13050,13200,168893
20161025,13250,13400,13100,13200,138492
20161026,13200,13650,13100,13600,238645
20161027,13600,13600,13350,13500,117713
20161028,13500,13600,13250,13450,88244
20161031,13450,13500,12850,13400,193925
20161101,13250,13600,13250,13600,146752
20161102,13550,13750,13300,13500,150870
20161103,13550,13550,13050,13100,163726
20161104,13050,13250,12950,13100,139992
20161107,13250,13750,13150,13600,250091
20161108,13700,13800,13450,13800,208373
20161109,13850,14000,13050,13850,420638
20161110,14000,14250,13550,13900,207939
20161111,13900,13950,13600,13850,108399
20161114,13950,14100,13650,13900,155158
20161115,13850,13900,13550,13800,158301
20161116,13800,13950,13650,13800,120787
20161117,13800,14100,13650,14050,214578
20161118,14050,14100,13650,13800,96838
20161121,13750,13800,13300,13350,127144
20161122,13350,13600,13300,13350,108838
20161123,13300,13400,13050,13100,113946
20161124,13100,13250,12950,13200,136082
20161125,13200,13350,13050,13200,73981
20161128,13250,13400,13000,13000,76089
20161129,13150,13450,13150,13450,103082
20161130,13450,13600,13250,13400,127137
20161201,13450,13450,13250,13300,59280
20161202,13400,13450,13250,13300,129458
20161205,13300,13700,13150,13700,137033
20161206,13750,13850,13700,13850,101517
20161207,13900,13900,13600,13850,83809
20161208,13900,13900,13650,13850,77381
20161209,13800,13950,13700,13750,61956
20161212,13800,13850,13600,13700,76627
20161213,13700,13900,13700,13850,74413
20161214,13850,14200,13850,14050,118332
20161215,14000,14000,13750,13850,94139
20161216,13850,14000,13500,13550,144524
20161219,13550,13600,13400,13450,120781
20161220,13450,13650,13450,13600,129528
20161221,13600,13700,13350,13400,138549
20161222,13400,13550,13250,13450,118825
20161223,13650,13750,13300,13750,157091
20161226,13750,14600,13750,14600,552264
20161227,14550,14850,14450,14600,261263
20161228,14500,14950,14250,14700,376144
20161229,14650,14650,14300,14500,151093
20170102,14450,14600,14150,14500,154794
20170103,14550,14550,14050,14200,207920
20170104,14200,14250,13950,14050,150059
20170105,14100,14650,14100,14450,305755
20170106,14600,14600,14250,14300,139075
20170109,14300,14400,13900,14300,253745
20170110,14150,14300,14000,14100,105876
20170111,14250,14250,13850,13950,146215
20170112,13850,14150,13800,13900,142001
20170113,14000,14200,13900,14200,127940
20170116,14200,14200,13550,13700,250469
20170117,13600,13800,13600,13800,113906
20170118,13750,14050,13500,13950,180294
20170119,13950,14000,13750,13750,100910
20170120,13750,14100,13550,14050,164862
20170123,14050,14250,13900,14150,88104
20170124,14000,14100,13800,13800,78450
20170125,13800,14100,13700,14000,115752
20170126,14100,14150,13800,13950,45358
20170131,13950,13950,13600,13700,69003
20170201,13750,13850,13650,13700,117231
20170202,13700,13800,13650,13700,76073
20170203,13650,13750,13250,13450,172631
20170206,13600,13900,13500,13700,91711
20170207,13650,13800,13550,13700,53857
20170208,13700,13850,13550,13700,77100
20170209,13750,14500,13650,14500,520654
20170210,14500,14700,14450,14650,326000
20170213,14750,15500,14650,15250,789318
20170214,15200,15700,15200,15450,517972
20170215,15400,15550,15300,15500,281009
20170216,15550,15650,15100,15450,214133
20170217,15350,15500,15150,15450,136129
20170220,15500,15600,15300,15500,143871
20170221,15550,15600,15250,15350,136584
20170222,15350,15450,15050,15400,152578
20170223,15450,15550,15350,15400,116763
20170224,15350,15550,15150,15500,101399
20170227,15500,15800,15300,15450,152650
20170228,15400,15500,14950,15500,181813
20170302,15500,15600,15150,15200,99820
20170303,15050,15350,14900,15050,169967
20170306,14950,15050,14100,14400,342495
20170307,14500,14600,14350,14550,178301
20170308,14450,14700,14200,14600,191911
20170309,14600,14750,14450,14450,96512
20170310,14500,14750,14250,14500,174175
20170313,14650,14650,14350,14500,80308
20170314,14500,14550,13750,13850,301223
20170315,13850,14000,13700,14000,113771
20170316,14100,14200,13950,14100,160823
20170317,14100,14200,13900,14150,136675
20170320,14150,14300,13950,13950,117148
20170321,14050,14350,14000,14100,98256
20170322,14050,14300,14000,14050,123350
20170323,14100,14150,13900,14000,59835
20170324,14200,14450,14000,14350,132399
20170327,14250,14350,14100,14300,50154
20170328,14300,14350,14000,14150,83607
20170329,14250,14250,14000,14050,54984
20170330,14150,14350,14050,14250,64734
20170331,14250,14350,14100,14100,69964
20170403,14150,14250,14000,14100,93788
20170404,14100,14350,13900,14250,127318
20170405,14350,14350,13900,13900,120424
20170406,13950,13950,13700,13700,110440
20170407,13850,14000,13700,13850,98800
20170410,13900,13900,13450,13700,124221
20170411,13700,13750,13300,13400,190745
20170412,13400,13650,13400,13650,58281
20170413,13650,13950,13600,13900,70287
20170414,13750,13850,13600,13600,83632
20170417,13600,13800,13600,13650,54245
20170418,13700,13950,13700,13850,90229
20170419,13750,14000,13650,13950,62997
20170420,13850,14050,13800,13950,84960
20170421,14000,14050,13750,13950,67515
20170424,14000,14250,14000,14250,126245
20170425,14150,14250,13950,14050,83454
20170426,14100,14150,14000,14050,53145
20170427,14150,14150,13850,13900,68349
20170428,13850,14350,13850,14250,167872
20170502,14250,14350,14150,14250,79898
20170504,14100,14350,14100,14200,61759
20170508,14200,14300,14000,14250,99557
20170510,14250,14750,13950,13950,297529
20170511,14050,14300,13950,14300,152450
20170512,14300,14300,13950,14000,100836
20170515,13950,14400,13950,14300,143083
20170516,14350,14400,14050,14100,106216
20170517,14100,14200,13950,14100,75919
20170518,13900,14150,13900,14050,87485
20170519,13950,14050,13900,13950,90753
20170522,13950,14000,13600,13650,271816
20170523,13700,14250,13550,14100,219439
20170524,14150,14500,14000,14500,192909
20170525,14600,14600,14200,14200,159040
20170526,14200,14800,14200,14650,246055
20170529,14600,14850,14450,14550,175625
20170530,14550,14550,14200,14300,179718
20170531,14250,14450,14250,14300,95975
20170601,14350,14600,14250,14550,135598
20170602,14500,14500,14350,14400,93556
20170605,14400,14450,14100,14150,131440
20170607,14200,14400,14000,14200,99839
20170608,14150,14550,13900,14550,311882
20170609,14400,14550,14300,14300,124666
20170612,14350,14400,14150,14200,74907
20170613,14200,14500,14150,14300,105103
20170614,14300,14600,14200,14350,105306
20170615,14350,14950,14200,14900,241614
20170616,14900,15250,14700,15100,293002
20170619,15200,15200,14900,15000,150136
20170620,15000,15000,14700,14900,141328
20170621,14900,14950,14600,14700,106516
20170622,14700,14700,14350,14500,122616
20170623,14700,15000,14700,14900,161641
20170626,14850,14850,14500,14700,147516
20170627,14700,15050,14600,14850,137834
20170628,14750,14950,14600,14650,80805
20170629,14700,14950,14600,14800,100678
20170630,14750,14900,14650,14800,115888
20170703,14800,14950,14400,14400,144123
20170704,14450,14500,14200,14200,166061
20170705,14200,14450,14100,14150,82556
20170706,14150,14300,14100,14100,55298
20170707,14100,14300,13950,14050,101110
20170710,14150,14200,13900,14100,65752
20170711,14100,14100,13500,13500,378658
20170712,13500,13600,13100,13250,305517
20170713,13300,13350,13150,13300,129377
20170714,13300,13350,12950,13200,163016
20170717,13200,13500,13150,13300,139417
20170718,13350,13350,13100,13100,126434
20170719,13100,13450,13100,13450,107180
20170720,13400,13450,13200,13250,83286
20170721,13250,13300,13000,13150,191110
20170724,13200,13250,13050,13150,71330
20170725,13200,13200,12850,13000,171642
20170726,13100,13350,13050,13250,119047
20170727,13300,13350,13150,13250,64092
20170728,13350,13600,13250,13350,185122
20170731,13350,13550,13300,13450,73768
20170801,13450,13700,13350,13650,115741
20170802,13650,13650,13300,13350,109048
20170803,13350,13450,12800,12850,324505
20170804,12900,13050,12800,12950,104875
20170807,13000,13050,12850,12900,101123
20170808,12900,13000,12900,12900,89778
20170809,12900,13450,12900,13350,231632
20170810,13300,13350,12950,13050,103372
20170811,12900,13200,12850,12950,79203
20170814,12950,13200,12850,12850,83690
20170816,12900,13000,12800,12800,91840
20170817,12800,12900,12750,12850,74639
20170818,12850,13000,12800,12950,68638
20170821,13000,13000,12800,12800,62240
20170822,12750,12900,12750,12850,64945
20170823,12900,13000,12800,12900,58482
20170824,12950,13100,12850,12950,67161
20170825,13000,13050,12850,12950,142403
20170828,15850,16650,15300,16200,5231428
20170829,15800,16000,15450,15850,1405905
20170830,15900,15950,15350,15500,950309
20170831,15250,16200,15200,15700,1131725
20170901,15750,16200,15550,16200,594714
20170904,15700,17350,15600,16750,1614994
20170905,16800,17100,16100,16150,910043
20170906,16200,16450,15750,16050,567955
20170907,16100,16900,15900,16750,668031
20170908,16750,16800,16350,16450,413734
20170911,16500,17500,16500,17500,882594
20170912,17500,18350,17400,18050,998903
20170913,18150,18950,17700,18350,757955
20170914,18500,18650,18000,18400,510712
20170915,18200,20050,18150,19450,1290347
20170918,19650,19650,18900,18950,615129
20170919,18850,19200,18550,18800,406607
20170920,18800,19000,18000,18100,621441
20170921,17950,18650,17600,18000,440402
20170922,18150,18350,17750,18200,311267
20170925,18350,18500,18050,18150,250000
20170926,18000,18400,17650,17800,359399
20170927,17750,17900,16950,17050,542512
20170928,17250,18200,16850,18000,451811
20170929,17900,18100,17700,17900,193066
20171010,18000,18650,17800,18100,410788
20171011,17900,18550,17900,18500,259172
20171012,18500,18800,18350,18650,250016
20171013,18700,18950,18250,18650,351146
20171016,18800,18800,18150,18600,187729
20171017,18850,19750,18600,19450,570737
20171018,19500,21500,19150,21500,1192565
20171019,21450,21850,21050,21050,530489
20171020,20950,21400,20600,21050,347706
20171023,21300,21350,20350,20500,396855
20171024,20650,21400,20550,20750,374914
20171025,20900,21400,20800,21250,329742
20171026,21450,23000,21300,22250,1106526
20171027,22200,22500,21750,22000,302897
20171030,22100,22450,21800,22200,240404
20171031,22050,22200,21450,21650,441628
20171101,21650,21850,21000,21400,332530
20171102,21450,21850,21150,21650,212440
20171103,21500,21900,21250,21900,133750
20171106,21900,22550,21100,22250,470130
20171107,22000,22250,21400,21450,199327
20171108,21450,21500,21050,21350,326738
20171109,21300,21750,21200,21300,194410
20171110,21200,21550,21000,21000,469395
20171113,20900,22250,20900,21800,468714
20171114,21800,22900,21550,22850,526289
20171115,23000,24750,23000,24350,808951
20171116,24400,24900,23750,24350,391288
20171117,24700,24800,24100,24100,254650
20171120,23900,24550,23900,24500,233034
20171121,24500,24750,24200,24300,181039
20171122,24250,25200,24250,24750,316347
20171123,24750,25400,24650,24800,173197
20171124,24850,26700,24550,26200,467013
20171127,26200,29000,26200,26600,754472
20171128,26600,26900,25700,26000,347010
20171129,26000,26950,25800,26500,337816
20171130,26900,29150,26600,29150,560765
20171201,28800,29750,27950,28700,818791
20171204,28700,30300,28700,29500,608943
20171205,29950,31700,29800,31000,789509
20171206,31050,31350,30300,30450,202293
20171207,30700,30800,27850,28550,692231
20171208,28100,29350,27250,27600,522878
20171211,27750,29100,27400,28900,227731
20171212,28900,28900,27400,27800,292416
20171213,28150,29550,28150,28400,264069
20171214,28450,28800,27250,27250,412508
20171215,27300,28200,27300,27850,237548
20171218,27650,28150,27050,27150,220871
20171219,27200,27950,25850,26200,513986
20171220,25900,26900,25900,26200,181207
20171221,25800,26400,25050,25250,327933
20171222,25150,26350,24600,26300,313251
20171226,26300,26900,25600,26050,265026
20171227,25650,27650,25650,27300,217704
20171228,27150,27500,26600,27250,199068
20180102,27700,27700,26400,26800,125262
20180103,26550,26800,25550,25600,308272
20180104,25350,26250,24650,24800,257795
20180105,25100,26150,25100,26100,232083
20180108,25900,25950,24700,24950,268635
20180109,24550,25300,24550,24950,154133
20180110,25000,25550,24850,25300,145264
20180111,25650,26700,25600,25750,296064
20180112,26100,26600,25250,25500,229934
20180115,25600,26400,25500,25950,204265
20180116,26050,27300,26000,27000,303984
20180117,26950,27400,26700,26950,189680
20180118,26700,27600,26650,27550,195020
20180119,27350,28300,27300,27350,212942
20180122,27550,27600,25900,26250,209390
20180123,26550,26550,25600,25950,196834
20180124,26100,26400,25750,26350,120902
20180125,26150,26450,26050,26250,139148
20180126,26250,28300,26250,28150,386559
20180129,28250,29300,27700,27950,309794
20180130,28050,28450,27350,27450,184266
20180131,27350,27450,26500,27200,154883
20180201,27350,27850,26900,27400,119268
20180202,27600,27600,26700,26900,101502
20180205,26500,26650,25650,25750,160046
20180206,24300,25500,23950,24850,400110
20180207,25350,25550,24150,24150,166647
20180208,24050,25150,24050,24650,101505
20180209,24000,25100,23800,24800,177326
20180212,24800,24800,23950,24150,119479
20180213,24050,24450,23200,23300,128251
20180214,23400,24000,23050,23150,210774
20180219,23000,24450,23000,23850,181892
20180220,24000,24150,23500,23650,56673
20180221,23500,23950,23450,23500,72380
20180222,23250,23500,22950,23150,104985
20180223,23400,24200,23000,24050,180752
20180226,24200,24200,23400,23500,112822
20180227,23550,24000,23250,23250,75045
20180228,23100,23850,22950,23300,133656
20180302,23000,23200,22500,22900,82609
20180305,22900,23200,22450,22450,96411
20180306,22600,23450,22500,23350,92214
20180307,23200,23200,22500,22700,112654
20180308,22900,22900,22450,22550,105478
20180309,22600,23300,22600,23250,149807
20180312,23650,24150,23450,24050,132600
20180313,23900,23950,23100,23200,148785
20180314,23200,23200,22700,22950,82984
20180315,23000,23150,22550,23050,119124
20180316,23000,24050,22700,23500,123383
20180319,23800,23900,23400,23600,100532
20180320,23600,23700,23200,23350,67472
20180321,23250,23500,23150,23350,91584
20180322,23300,24000,23150,23450,98937
20180323,23050,23150,22350,22350,203650
20180326,22350,23350,22000,23050,86001
20180327,23200,23700,23200,23350,99334
20180328,23400,24400,23400,23700,187902
20180329,23750,24150,23600,23950,83374
20180330,24200,25150,23950,24900,220062
20180402,25100,25550,24500,25250,227146
20180403,25050,25800,24850,25800,169041
20180404,25850,26000,25300,25450,128311
20180405,25700,25750,24450,24800,145245
20180406,24900,25500,24450,25100,90933
20180409,24750,25400,24550,25150,73639
20180410,25050,25500,24650,25400,109530
20180411,25400,25700,25150,25450,109314
20180412,25750,26000,25300,25300,166822
20180413,25550,25600,25200,25600,102974
20180416,25700,25850,24850,25100,163000
20180417,25000,25300,24700,25100,83812
20180418,25250,25550,24900,24950,83352
20180419,24750,24950,24100,24550,132295
20180420,24400,24500,23650,23650,124087
20180423,23650,23950,23200,23450,111029
20180424,23050,23700,23050,23400,73202
20180425,23300,23500,23000,23350,73669
20180426,23350,23500,23050,23250,115445
20180427,23200,23900,23150,23250,119922
20180430,23300,23600,23150,23600,87292
20180502,23950,24450,23800,24200,147491
20180503,24300,24300,23900,24000,80324
20180504,23950,24100,23400,23650,100036
20180508,23550,24100,23200,24000,179693
20180509,23600,24250,23400,24050,118084
20180510,23850,24100,23700,24100,76488
20180511,24000,24400,23250,23900,305769
20180514,24050,24250,23800,24000,121106
20180515,23850,24250,23700,24100,146094
20180516,24050,24050,23600,23800,58446
20180517,23800,24100,23550,23700,29539
20180518,23550,23950,23450,23800,33421
20180521,23650,25350,23650,24900,252173
20180523,25050,25300,24500,24550,116051
20180524,24600,24900,24450,24850,58598
20180525,24500,24900,24350,24850,80359
20180528,24700,24950,24300,24900,75144
20180529,24900,24950,23800,23800,138308
20180530,23700,23800,22850,23200,170475
20180531,23200,23800,23000,23800,112647
20180601,23400,23750,23100,23200,66104
20180604,23200,23350,22950,23000,68631
20180605,23100,23250,22600,22700,117559
20180607,22700,23050,22650,22700,108809
20180608,22900,23200,22500,22600,81083
20180611,22650,23300,22450,23100,130339
20180612,23000,23800,23000,23600,108624
20180614,23600,24100,23300,24100,201084
20180615,24000,24350,23700,23900,92345
20180618,23900,24050,23150,23450,80866
20180619,23100,23500,22500,22600,113236
20180620,22350,22850,22250,22350,108522
20180621,22250,22650,22150,22150,64823
20180622,22000,22450,22000,22150,56442
20180625,22150,22400,21750,22000,51893
20180626,21800,22750,21550,22700,116603
20180627,22400,22750,22250,22250,37790
20180628,22250,22500,22000,22400,104467
20180629,22050,22500,21600,22200,97226
20180702,22050,22600,21850,22050,76805
20180703,21850,22300,21600,21850,77785
20180704,21650,22200,21600,21800,38542
20180705,21800,22200,21400,21550,49944
20180706,21500,22200,21500,22200,87712
20180709,22000,22300,21700,21850,42668
20180710,21600,22400,21600,22200,42508
20180711,22000,22200,21400,21500,80358
20180712,21550,21800,21400,21600,44441
20180713,21550,21850,21400,21400,48633
20180716,21400,21600,21200,21200,47960
20180717,21200,21250,20750,20850,68868
20180718,20900,21200,20750,20950,40286
20180719,20750,20950,19900,20000,111929
20180720,20000,20600,19800,20350,67102
20180723,20500,20800,19800,20250,79281
20180724,20250,20550,20100,20350,63137
20180725,20150,20850,20150,20500,61441
20180726,20850,21050,20350,20500,55831
20180727,20800,20800,20150,20500,64747
20180730,20350,20800,20350,20450,107894
20180731,20450,20750,20450,20750,52104
20180801,20600,21650,20600,21600,95439
20180802,21550,21600,20700,20900,118201
20180803,20900,21100,19550,19650,430493
20180806,19850,20000,19500,19500,241878
20180807,19500,19550,17800,18500,640833
20180808,18350,18850,18200,18200,122633
20180809,17950,18650,17950,18550,148939
20180810,18450,19150,18400,18450,216958
20180813,18550,18600,18200,18300,81029
20180814,18150,18450,18150,18250,104894
20180816,18400,18550,18150,18350,142565
20180817,18450,18500,17850,17900,142677
20180820,18150,18200,16950,17200,220393
20180821,17000,17950,16950,17450,178451
20180822,17450,17650,17250,17400,114339
20180823,17250,17800,17250,17450,144604
20180824,17450,17500,17200,17300,86222
20180827,17400,17800,17250,17700,95042
20180828,17800,18150,17550,17550,115037
20180829,17600,17750,17500,17600,88845
20180830,17650,17750,17450,17450,95207
20180831,17350,17750,17250,17550,102219
20180903,17550,17600,17000,17200,109740
20180904,17150,17200,16950,17100,99862
20180905,17100,17400,17050,17100,98986
20180906,17100,17300,16450,16550,230043
20180907,16700,17200,16600,17000,164977
20180910,16850,17050,16700,16700,68715
20180911,16700,17000,16700,16800,66938
20180912,16950,16950,16350,16500,118359
20180913,16600,16650,16300,16450,128299
20180914,16450,17150,16400,17050,101622
20180917,17000,17250,16850,17100,98199
20180918,17000,17000,16600,16750,85060
20180919,16800,16800,16450,16550,77189
20180920,16600,16750,16350,16400,72768
20180921,16600,16850,16450,16550,83021
20180927,16400,16650,16300,16550,89255
20180928,16650,17600,16600,17100,282957
20181001,17050,18800,17050,18750,517146
20181002,19000,19000,17950,18200,298992
20181004,18200,18400,16700,16850,381424
20181005,16600,16900,16300,16450,192645
20181008,16400,16500,15800,15850,161716
20181010,15750,16100,15000,15100,406230
20181011,14650,14850,14100,14400,291021
20181012,14300,15000,14300,14700,147833
20181015,14550,14850,14300,14650,121127
20181016,14600,15400,14600,14900,124857
20181017,15100,15250,14800,15050,87572
20181018,15050,15800,15050,15300,147926
20181019,15100,15850,14950,15450,162568
20181022,15300,15550,15100,15400,63012
20181023,15150,15400,14850,14900,128481
20181024,15100,15600,15100,15250,95686
20181025,15000,15350,14800,15350,139240
20181026,15400,15500,14900,14950,96013
20181029,14850,15450,14750,14800,122379
20181030,14350,15500,14350,15250,117011
20181031,15150,15900,15050,15450,130670
20181101,15400,16000,15250,15600,121878
20181102,15700,16100,15650,15900,113417
20181105,15900,15950,15600,15800,58524
20181106,15900,16250,15800,16000,75871
20181107,16000,17100,15950,16750,242952
20181108,16850,17250,16550,16550,191727
20181109,16600,17100,16550,16700,158485
20181112,16750,16900,16350,16400,114546
20181113,16150,16450,16100,16300,85128
20181114,16200,17200,16200,17100,121241
20181115,17050,17500,16900,17450,136002
20181116,17400,17500,17000,17350,89475
20181119,17200,18900,17200,18500,302263
20181120,18450,18950,18100,18800,125408
20181121,18700,19650,18350,19500,257113
20181122,20500,20500,19150,19700,354421
20181123,19550,19800,19100,19650,210213
20181126,19800,20500,19450,20150,164734
20181127,20150,20500,19950,20100,82736
20181128,20150,20500,19750,20500,159370
20181129,20450,20700,19500,19550,252070
20181130,19550,20400,19500,20350,225038
20181203,20350,20800,20200,20350,145955
20181204,20300,20950,20250,20500,148030
20181205,20200,20500,19950,20150,135542
20181206,20250,20300,19900,20100,45868
20181207,20200,20450,19700,20150,121622
20181210,19800,20450,19650,19850,145830
20181211,19750,20000,19400,19650,78887
20181212,19900,20200,19550,20000,97107
20181213,20050,20450,19600,20350,154224
20181214,20300,20750,20200,20550,113068
20181217,20650,21100,20500,20850,113010
20181218,20650,20950,20200,20300,92206
20181219,20500,20900,20300,20550,53365
20181220,20600,20700,20050,20350,92874
20181221,20350,20500,19950,20200,78244
20181224,19950,20350,19750,19800,62745
20181226,19450,20000,19450,19800,70675
20181227,19800,21300,19800,20700,141094
20181228,20700,20800,20300,20700,55528
20190102,20700,20750,19800,20050,115580
20190103,20000,20050,19600,19750,65952
20190104,19750,20100,19400,20000,129045
20190107,20100,20550,19950,20450,88163
20190108,20450,20650,20100,20150,38768
20190109,20150,21100,20150,20850,134021
20190110,20950,21050,20500,20500,56738
20190111,20500,21750,20450,21450,150539
20190114,21600,21750,21150,21450,104993
20190115,21500,21500,20250,20250,253844
20190116,20300,20350,19500,19650,244910
20190117,19700,19750,19050,19150,220326
20190118,19050,19550,19000,19450,112119
20190121,19850,19850,19450,19650,147151
20190122,19500,19650,18700,18750,155157
20190123,18900,18950,18450,18750,133124
20190124,18750,19250,18600,19100,103718
20190125,19100,19700,18800,19650,89446
20190128,19600,19950,19450,19700,107765
20190129,19550,19800,19550,19750,63996
20190130,19950,20000,19550,19850,76796
20190131,19950,20100,19500,19950,113989
20190201,20250,20250,19050,19250,160508
20190207,19300,19700,19050,19650,80112
20190208,19300,19550,19000,19550,161825
20190211,19450,19550,19150,19500,97114
20190212,19550,19700,19400,19550,73244
20190213,19550,19600,19000,19600,136366
20190214,19400,19850,19200,19850,111126
20190215,19700,19700,19150,19350,118910
20190218,19400,19750,19350,19600,102198
20190219,19550,19650,19250,19450,90520
20190220,19450,19550,19100,19300,125163
20190221,19200,19400,18950,19200,147724
20190222,19250,19350,19000,19100,106435
20190225,19250,19400,19000,19100,101906
20190226,19050,19250,18950,19100,95424
20190227,19100,19150,18950,19150,69555
20190228,19150,19450,18950,19000,99305
20190304,19150,19850,19150,19600,117281
20190305,19600,19750,19400,19650,65487
20190306,19750,19750,19500,19500,41668
20190307,19550,19750,19400,19650,61403
20190308,19700,19950,19500,19800,84987
20190311,19750,19950,19450,19600,68284
20190312,19500,19950,19500,19950,53799
20190313,19950,20150,19800,20150,54032
20190314,20150,20350,19800,20250,108718
20190315,20300,20750,20050,20600,94752
20190318,20750,21100,20550,21050,86782
20190319,21100,21500,21100,21400,97210
20190320,21150,21450,20800,21400,71419
20190321,21400,21400,20250,20500,139812
20190322,20400,20700,19900,20300,123912
20190325,20050,20300,19650,19750,63606
20190326,19800,20250,19750,20000,77765
20190327,20200,20200,19700,19950,82007
20190328,20150,20350,19700,20050,58646
20190329,20200,20750,20150,20350,70462
20190401,20350,20450,19700,19850,73259
20190402,19500,19750,19250,19500,113491
20190403,19350,19900,19350,19650,61359
20190404,19950,20000,19600,19800,56244
20190405,19800,19850,19450,19450,72571
20190408,19600,19650,19400,19450,44567
20190409,19450,19700,19350,19500,71347
20190410,19400,19750,19400,19600,66932
20190411,19550,20100,19550,20050,117293
20190412,20050,20050,19700,19700,73393
20190415,19700,19800,19600,19700,93339
20190416,19500,19700,19400,19550,74052
20190417,19550,19800,19300,19600,85140
20190418,19600,19750,19350,19500,66243
20190419,19450,19600,19350,19350,52354
20190422,19350,19550,19000,19400,91040
20190423,19400,19500,19000,19000,77376
20190424,19100,19200,18350,18600,134898
20190425,18700,18700,18100,18450,161630
20190426,18350,18400,17500,17850,162690
20190429,17850,17950,17050,17300,352042
20190430,17350,17350,16800,17100,209753
20190502,17050,17350,16700,17100,135860
20190503,16950,17200,16800,16950,142236
20190507,16800,17050,16100,16400,239678
20190508,16150,16900,16100,16550,147122
20190509,16750,16850,16400,16400,188097
20190510,16600,16850,16400,16550,87343
20190513,16400,16750,16350,16550,62729
20190514,16400,17000,16400,16750,138237
20190515,16750,16900,16550,16850,72457
20190516,16850,16900,16600,16800,84296
20190517,16700,16850,16300,16400,61236
20190520,16500,16700,16200,16300,66166
20190521,16150,16400,16100,16250,66478
20190522,16250,16400,15750,16150,137976
20190523,16150,16400,15700,15700,116076
20190524,15800,16400,15700,16200,66920
20190527,16000,16350,15700,16100,66022
20190528,16000,16250,15800,15850,106459
20190529,16050,16100,15550,15600,133809
20190530,15750,15750,15050,15500,184882
20190531,15300,15550,15200,15250,107536
20190603,15150,15350,15000,15300,111013
20190604,15450,15500,14700,14950,179914
20190605,14900,15700,14900,15300,200003
20190607,15400,15600,15150,15300,97188
20190610,15300,16000,15300,15650,145117
20190611,15600,15950,15500,15650,70031
20190612,15900,15900,15450,15600,75840
20190613,15600,16050,15350,16050,239567
20190614,16050,16550,15600,15650,272449
20190617,15850,15950,15600,15900,84143
20190618,16050,16100,15700,15900,119518
20190619,16000,16100,15850,16100,95949
20190620,16100,16250,15850,15900,136685
20190621,15900,15950,15700,15900,103400
20190624,15900,16000,15250,15900,112848
20190625,15900,16000,15650,15750,72534
20190626,15750,15800,15500,15600,65144
20190627,15550,15900,15550,15800,81000
20190628,15850,15850,15400,15600,76117
20190701,15800,15900,15450,15550,58344
20190702,15400,15600,15300,15350,86911
20190703,15400,15450,15050,15350,93601
20190704,15500,15650,15200,15550,53137
20190705,15750,15850,15350,15400,81230
20190708,15400,15400,14850,15000,68630
20190709,15000,15150,14400,14500,93375
20190710,14400,14600,14250,14250,94398
20190711,14300,14750,14300,14650,53499
20190712,14550,14950,14250,14900,103560
20190715,14800,15150,14750,14950,51674
20190716,15200,15200,14850,14950,26533
20190717,15000,15100,14600,15000,70327
20190718,14850,15200,14700,15000,54692
20190719,14950,15300,14750,15100,43444
20190722,15150,15200,14800,15100,40247
20190723,14950,15650,14800,15600,89724
20190724,15550,15750,14850,15100,96441
20190725,15050,15200,14750,15050,69741
20190726,15050,15300,14750,15150,46279
20190729,15300,16800,15250,15450,358243
20190730,15350,15450,14950,15350,91440
20190731,15350,16400,15200,15500,186290
20190801,15300,15500,14950,15150,74496
20190802,14800,15250,14800,14900,72605
20190805,14650,15400,14000,14350,162210
20190806,14200,14650,13200,13400,185419
20190807,13150,14100,13150,13550,101117
20190808,13800,14200,13800,14050,90538
20190809,14150,14350,14000,14200,53769
20190812,14250,14450,13950,14000,45792
20190813,13900,14200,13800,14100,50213
20190814,14050,14250,13800,13900,45838
20190816,14000,14500,13700,13750,81903
20190819,14000,14000,13500,13550,88826
20190820,13550,13750,13400,13700,86635
20190821,13600,13800,13400,13600,94175
20190822,13650,13700,13250,13350,134432
20190823,13400,13550,12450,12550,357743
20190826,12350,12400,11400,11550,474047
20190827,11550,11800,11200,11300,297458
20190828,11300,11600,11300,11500,139135
20190829,11600,11950,11450,11650,165655
20190830,11900,12450,11750,11950,238173
20190902,11950,12400,11800,12250,93425
20190903,12100,13200,12100,12700,258252
20190904,12650,13050,12600,12950,132523
20190905,12900,12950,12650,12700,126266
20190906,12700,12850,12350,12450,128060
20190909,12500,13150,12500,12800,191811
20190910,12800,13100,12750,12900,114389
20190911,13000,13100,12850,12850,112147
20190916,13000,13100,12650,13000,135549
20190917,13000,13300,12800,13100,142529
20190918,13150,13300,12950,13050,82290
20190919,12950,13050,12800,12800,93384
20190920,12750,13000,12650,12950,87451
20190923,12900,12950,12650,12750,103696
20190924,12600,12950,12600,12900,89995
20190925,12900,13200,12750,12800,117077
20190926,12750,12850,12500,12600,99135
20190927,12750,12750,12400,12550,66295
20190930,12600,12650,12400,12450,50983
20191001,12500,13000,12450,12700,97905
20191002,12600,12800,12550,12650,60760
20191004,12400,12650,12300,12400,83225
20191007,12450,12500,12000,12350,116541
20191008,12400,12600,12050,12250,110014
20191010,12200,12300,11900,12000,124744
20191011,12100,12150,11850,12100,107281
20191014,12100,12300,12000,12050,71129
20191015,12050,12200,11950,12100,91071
20191016,12200,12300,12050,12100,108037
20191017,12200,12200,11950,12000,81428
20191018,12150,12150,11850,11900,91651
20191021,12000,12050,11700,11700,92358
20191022,11750,12100,11750,11900,136451
20191023,11900,12000,11650,11750,104654
20191024,11750,11800,11550,11650,79074
20191025,11600,11800,11500,11600,93476
20191028,11700,11850,11550,11600,104507
20191029,11650,12150,11600,11900,140234
20191030,12050,12050,11700,11800,64590
20191031,11750,11900,11600,11800,80740
20191101,11750,11800,11600,11700,87744
20191104,11700,12050,11650,11800,131401
20191105,12000,14450,12000,13600,1862501
20191106,13750,14300,13500,13800,537130
20191107,13800,14200,13700,13850,194385
20191108,14000,14050,13600,13600,119637
20191111,13850,13950,13300,13500,111924
20191112,13550,13600,13100,13300,156073
20191113,13400,13500,13200,13250,91313
20191114,13350,13550,13200,13350,105457
20191115,13250,13550,13150,13400,94934
20191118,13400,13500,13150,13300,61020
20191119,13200,13250,12950,13000,96451
20191120,12950,13050,12500,12600,114015
20191121,12500,13050,12400,12650,141710
20191122,12850,13050,12600,12950,130764
20191125,13200,13950,13100,13850,224741
20191126,14000,14050,13450,13900,254689
20191127,13900,14100,13650,13750,159620
20191128,13650,13900,13500,13550,110164
20191129,13600,14400,13600,14200,419275
20191202,14200,15050,13950,14850,436301
20191203,14850,15050,14500,14800,197375
20191204,14700,15150,14650,14800,179316
20191205,14850,15100,14450,14650,143762
20191206,14650,14750,14150,14250,139853
20191209,14150,14350,13650,13850,165782
20191210,13850,14450,13750,14250,121003
20191211,14300,14300,13950,13950,84494
20191212,14100,14250,14000,14150,111168
20191213,14200,14550,14100,14250,83059
20191216,14400,14400,14050,14400,109674
20191217,14400,14700,14250,14500,117590
20191218,14600,14600,14100,14150,93295
20191219,14150,14450,14150,14400,85831
20191220,14500,14500,14150,14150,71926
20191223,14300,14400,14000,14200,68609
20191224,14200,14200,13800,13950,111408
20191226,14000,14050,13750,13800,102309
20191227,13950,14100,13700,13900,159917
20191230,13800,14400,13800,14300,82377
20200102,14300,14300,13900,14000,91089
20200103,14100,14350,13950,14000,102041
